城市,区,方位,房屋名,大小,租赁方式,朝向,月租,计费方式,几室,几厅,几卫,入住,租期,看房,所在楼层,总楼层,电梯,车位,用水,用电,燃气,供暖
2,1,1,1,78,1,2,2300,0,2,1,1,2,0,3,3,6,1,0,1,1,2,1
2,2,2,2,12,2,2,750,3,4,1,1,2,12,3,3,30,2,0,1,1,2,0
2,3,3,3,70,1,2,1400,0,1,1,1,2,0,3,1,24,2,0,1,1,2,1
2,4,4,4,10,2,2,800,3,3,1,1,2,10,3,3,6,1,1,1,1,2,1
2,3,3,5,60,1,2,1300,0,1,1,1,2,0,3,2,27,2,0,1,1,2,1
2,2,5,6,49,1,2,2600,0,1,1,1,2,0,3,2,27,2,0,1,1,1,1
2,2,5,6,47,1,2,2600,0,1,1,1,2,0,3,3,27,2,0,1,1,1,1
2,2,5,6,63,1,2,3300,0,1,1,1,2,0,3,2,27,2,0,1,1,1,1
2,5,6,7,17,1,2,1200,0,1,0,1,2,0,2,3,3,1,0,0,0,1,2
2,5,6,8,15,2,2,1100,3,3,1,1,2,10,3,3,3,1,1,1,1,2,1
2,6,7,9,88,1,2,1000,1,2,1,1,2,36,2,3,5,1,0,1,1,2,1
2,5,8,10,15,2,1,1000,1,4,1,1,2,12,3,3,6,1,1,1,1,2,1
2,4,9,11,38,1,2,1200,1,1,1,1,2,12,2,2,6,1,0,1,1,2,1
2,7,10,12,8,2,2,698,3,3,1,1,2,10,3,3,7,1,1,1,1,2,1
2,7,11,13,60,1,2,1500,0,2,1,1,1,0,2,3,6,1,0,1,1,2,1
2,8,12,14,41,1,2,1400,0,1,1,1,2,0,2,2,6,1,0,1,1,2,1
2,5,6,15,11,1,2,800,0,1,0,0,1,0,1,2,3,1,0,1,1,2,1
2,3,3,16,38,1,2,800,0,1,1,1,2,0,2,3,4,1,0,0,0,2,1
2,7,13,17,18,1,3,1200,0,1,0,0,2,0,2,3,4,1,0,1,1,2,1
2,7,14,18,12,2,2,1237,3,4,1,1,2,6,3,3,6,0,0,0,0,0,1
2,8,15,19,67,1,2,1500,0,1,1,1,2,0,2,1,32,2,0,1,1,2,1
2,7,14,18,12,2,2,1183,3,4,1,1,2,6,3,3,6,0,0,0,0,0,1
2,5,16,20,26,1,2,1200,0,1,0,0,2,0,2,3,5,1,0,1,1,2,1
2,4,17,21,14,2,2,980,3,4,1,1,2,12,3,3,6,1,1,1,1,2,1
2,7,10,22,35,1,2,1500,0,1,1,1,2,0,2,3,6,1,0,1,1,2,1
2,4,9,23,14,2,1,1030,1,3,1,1,2,12,3,3,6,0,0,0,0,0,0
2,6,18,24,127,2,2,950,0,3,1,2,2,0,2,2,6,1,0,1,1,2,1
2,9,19,25,15,2,2,900,3,4,1,1,2,12,3,3,7,1,1,1,1,2,1
2,3,20,26,43,1,2,600,0,1,1,1,2,0,1,3,4,1,0,1,1,2,1
2,9,19,27,20,2,8,1030,3,2,1,1,2,12,3,3,7,1,1,1,1,2,1
2,7,10,28,22,1,2,1200,0,1,1,1,2,0,2,1,6,1,0,1,1,2,1
2,7,21,29,48,1,2,1500,0,1,1,1,1,0,2,3,6,1,0,1,1,2,1
2,2,22,30,20,1,2,900,0,1,1,1,2,0,2,3,6,1,0,1,1,2,1
2,4,23,31,23,1,2,1200,0,1,1,1,2,0,2,3,5,1,0,1,1,2,1
2,10,24,32,6,2,4,990,1,5,1,2,2,12,3,3,33,0,2,0,0,0,0
2,4,25,33,16,2,8,650,3,4,1,1,2,12,3,3,5,1,1,1,1,2,1
2,2,2,2,22,2,2,1300,3,4,1,1,2,12,3,3,26,2,1,1,1,2,1
2,10,26,34,59,1,2,1200,0,2,1,1,2,0,2,3,6,1,0,1,1,2,1
2,7,11,13,38,1,2,1200,0,1,1,1,2,0,2,3,6,1,0,1,1,2,1
2,2,27,35,10,1,1,800,0,2,1,1,2,0,2,3,7,1,0,1,1,2,1
2,11,28,36,87,1,2,500,0,2,2,1,2,0,2,1,24,2,0,1,1,2,1
2,2,5,37,21,2,2,1150,3,3,1,1,2,24,3,3,6,1,0,1,1,2,0
2,7,29,38,10,2,2,1360,1,4,1,2,2,12,3,3,7,1,2,1,1,2,0
2,7,21,39,9,2,4,1430,1,2,1,1,2,12,3,3,6,0,0,0,0,0,0
2,7,29,40,31,1,3,1500,0,1,1,1,1,0,2,3,7,1,0,1,1,2,1
2,7,30,41,30,1,4,800,0,1,0,1,2,0,2,3,4,1,0,1,1,2,1
2,7,14,42,26,1,1,1400,0,1,1,1,2,0,2,3,6,1,0,1,1,2,1
2,9,31,43,16,1,2,600,0,1,0,0,2,0,2,2,3,1,0,0,0,0,0
2,5,8,44,13,2,4,1530,1,2,1,1,2,12,3,3,6,0,2,0,0,0,0
2,2,32,45,18,2,2,1100,1,2,1,1,2,24,3,3,7,1,1,1,1,2,1
2,7,29,46,15,2,3,1460,1,2,1,1,2,12,3,3,8,2,0,1,1,2,0
2,8,33,47,39,1,2,1500,0,1,1,1,2,0,2,1,6,1,0,1,1,2,1
2,12,34,48,49,1,2,1100,1,1,1,1,2,12,2,1,6,1,0,1,1,2,1
2,7,30,49,32,1,2,1500,0,1,1,1,2,0,2,2,6,1,0,1,1,2,1
2,7,35,50,39,1,1,1500,0,1,1,1,2,0,2,3,8,1,0,1,1,2,1
2,2,27,51,18,2,8,900,3,3,1,1,2,12,3,3,6,1,1,1,1,2,1
2,8,12,52,11,2,2,990,1,3,1,1,2,3,3,3,28,2,0,1,1,2,1
2,1,36,53,45,1,1,1900,0,1,1,1,2,0,4,3,6,2,0,1,1,1,1
2,7,21,54,50,1,6,1500,0,1,1,1,2,0,2,3,27,2,0,1,1,2,1
2,8,37,55,72,1,2,1500,0,1,1,1,2,0,2,3,32,2,0,1,1,2,1
2,3,20,56,59,1,6,600,0,2,1,1,2,0,4,3,6,1,0,1,1,2,1
2,2,38,57,16,2,2,1000,3,4,1,1,2,12,3,3,7,1,1,1,1,2,1
2,8,39,58,41,1,2,1500,0,1,1,1,2,0,2,2,6,1,0,1,1,2,1
2,4,4,59,15,2,2,1200,3,3,1,1,2,10,3,3,11,2,1,1,1,2,1
2,5,40,60,68,1,3,2100,0,1,1,1,1,0,2,2,50,2,0,1,1,2,1
2,7,10,61,30,1,2,1500,0,1,1,1,2,0,2,3,6,1,0,1,1,2,1
2,7,10,62,129,1,2,1400,0,1,1,1,2,0,2,2,8,2,0,1,1,2,1
2,2,5,63,22,1,2,1300,3,1,0,1,2,12,2,3,6,1,0,1,1,2,1
2,2,32,64,25,1,1,1200,0,1,1,1,2,0,2,-2,5,1,0,1,1,2,1
2,5,40,65,15,2,2,1000,3,4,1,1,2,10,3,3,17,2,1,1,1,2,1
2,1,41,66,89,1,2,2000,3,2,1,1,2,24,2,2,24,2,0,1,1,2,1
2,4,23,67,12,2,4,1090,1,3,1,1,2,12,3,3,5,1,2,1,1,2,0
2,7,14,68,27,2,4,1000,0,1,1,0,2,12,2,2,6,1,0,1,1,2,1
2,5,40,60,25,2,6,1600,3,3,1,2,2,12,3,3,50,2,0,1,1,1,1
2,6,7,69,90,1,2,1000,0,2,1,1,2,0,2,3,18,2,0,1,1,2,1
2,2,42,70,20,1,3,800,0,1,0,1,2,0,2,3,6,1,0,1,1,2,1
2,4,43,71,18,1,4,800,0,1,1,1,2,0,2,3,7,1,0,1,1,2,1
2,2,5,72,32,1,2,1000,0,1,1,1,2,0,2,3,8,1,0,1,1,2,1
2,7,11,73,28,2,4,900,0,2,0,1,2,0,2,3,5,1,0,1,1,2,1
2,5,40,60,25,2,6,1600,3,3,1,2,2,12,3,3,50,2,0,1,1,2,1
2,2,22,74,25,2,3,800,0,1,0,1,2,12,2,3,8,1,0,1,1,2,1
2,10,44,75,16,2,2,955,3,3,1,1,2,7,3,3,6,1,1,1,1,2,1
2,2,22,76,74,1,2,1200,0,2,1,1,2,0,2,2,6,1,0,1,1,2,1
2,2,5,77,20,2,2,1210,3,3,1,1,2,24,3,3,6,1,0,1,1,2,1
2,5,16,78,43,1,2,2000,1,1,1,1,2,12,2,3,6,1,0,1,1,2,1
2,9,19,27,20,2,2,1100,3,3,1,1,2,12,3,3,6,1,1,1,1,2,1
2,10,45,79,26,1,1,1200,0,1,1,1,2,0,2,3,8,2,0,1,1,2,1
2,10,46,80,12,2,2,1190,1,3,1,1,2,12,3,3,34,0,0,0,0,0,0
2,7,47,81,26,1,2,1000,0,1,0,0,2,0,2,3,5,1,0,1,1,2,1
2,12,48,82,9,2,4,860,1,4,1,1,2,12,3,3,17,0,0,0,0,0,0
2,4,49,83,48,1,3,1000,0,1,1,1,2,0,2,3,31,2,0,1,1,2,1
2,7,50,84,42,1,2,1000,0,2,1,1,2,0,2,1,6,1,0,1,1,2,1
2,4,51,85,40,1,2,1200,0,1,1,1,2,0,2,3,6,1,0,1,1,2,1
2,7,29,40,41,1,2,1300,0,1,1,1,2,0,2,3,8,2,0,1,1,2,1
2,12,48,82,9,2,4,860,1,4,1,1,2,12,3,3,17,0,0,0,0,0,0
2,12,48,82,13,2,2,990,1,3,1,1,2,12,3,3,18,0,0,0,0,0,0
2,12,48,82,14,2,2,1030,1,3,1,1,2,12,3,3,11,0,0,0,0,0,0
2,7,47,86,54,1,2,1400,0,2,1,1,2,0,2,1,7,1,0,1,1,2,1
2,7,14,87,32,1,2,1500,0,1,1,1,2,0,2,3,6,1,0,1,1,2,1
2,3,20,88,88,1,2,800,0,3,1,1,2,0,2,1,9,1,0,1,1,2,1
2,7,11,89,25,1,2,800,0,1,1,1,2,0,2,3,5,1,0,1,1,2,1
2,12,48,82,11,2,2,960,1,4,1,1,2,12,3,3,16,1,0,1,1,2,0
2,12,48,82,11,2,2,1030,1,4,1,1,2,12,3,3,15,0,0,0,0,0,0
2,4,25,90,17,2,1,1190,3,3,1,1,2,12,3,3,28,2,2,1,1,2,1
2,9,19,91,18,1,2,950,0,1,0,1,2,0,2,2,6,1,0,1,1,2,1
2,13,52,92,83,1,2,900,0,2,2,1,2,0,2,3,33,2,0,1,1,2,1
2,12,48,93,92,1,2,1000,0,2,2,1,2,0,2,2,11,1,0,0,0,2,1
2,7,30,94,35,1,2,1300,0,1,1,1,2,0,2,3,6,1,0,0,0,2,1
2,4,43,95,8,2,3,1030,1,3,1,1,2,12,3,3,6,0,0,0,0,0,0
2,2,22,96,21,2,2,1280,3,2,1,1,2,12,3,3,6,1,2,1,1,2,1
2,7,21,97,11,2,2,1460,1,2,1,1,2,12,3,3,6,0,0,0,0,0,0
2,2,27,98,26,1,2,1100,0,1,0,1,2,0,2,2,5,1,0,1,1,2,1
2,13,53,99,65,1,2,850,0,2,1,1,2,0,2,3,4,1,0,0,0,2,1
2,7,54,100,24,1,3,1300,0,1,1,1,2,0,2,3,6,1,0,1,1,2,1
2,2,22,101,12,1,2,1150,0,1,1,1,1,0,2,3,6,1,0,1,1,2,1
2,7,47,102,11,2,4,1490,1,2,1,1,2,12,3,3,6,0,0,0,0,0,0
2,4,55,103,18,2,2,1150,3,2,1,1,2,12,3,3,2,1,1,1,1,2,1
2,7,29,46,27,1,3,1500,0,1,1,1,2,0,2,2,8,1,0,1,1,2,1
2,2,22,101,38,1,3,1200,2,1,1,1,2,12,2,3,8,1,0,1,1,2,1
2,5,56,104,32,1,1,1500,1,1,1,1,2,12,2,3,8,1,0,1,1,2,1
2,13,53,105,54,1,2,900,0,1,1,1,2,0,2,2,30,2,0,1,1,2,1
2,6,7,106,17,2,2,850,3,3,1,1,2,1,3,3,6,1,1,1,1,2,1
2,7,10,107,21,1,2,1100,0,1,1,1,2,0,2,3,7,1,0,1,1,2,1
2,7,29,108,11,2,2,1390,1,4,1,2,2,12,3,3,6,0,0,0,0,0,0
2,6,18,109,84,1,2,800,0,2,1,1,2,0,2,3,6,1,0,1,1,2,1
2,10,26,110,38,1,2,1150,0,1,1,1,2,0,2,3,6,1,0,1,1,2,1
2,5,6,111,17,1,2,1000,0,1,0,0,2,0,4,3,2,1,0,1,1,2,1
2,8,57,112,42,1,2,1400,0,1,1,1,2,0,2,3,5,1,0,1,1,2,1
2,6,7,113,74,1,2,800,0,2,1,1,2,0,2,1,6,1,0,1,1,2,1
2,2,38,114,21,2,5,1300,3,2,1,1,2,12,3,3,6,1,0,1,1,2,1
2,14,58,115,60,1,2,1000,0,1,1,1,2,0,2,2,29,2,0,1,1,2,1
2,9,19,116,14,2,2,850,3,3,1,1,2,10,3,3,14,2,1,1,1,2,1
2,11,59,117,94,1,2,1000,0,2,1,1,2,0,2,1,33,2,0,1,1,2,1
2,10,26,118,18,2,2,810,3,3,1,1,2,12,3,3,6,1,1,1,1,2,1
2,7,10,107,23,1,2,1200,1,1,1,1,2,12,2,3,7,1,0,1,1,2,1
2,10,46,119,37,1,2,1000,1,1,1,1,2,24,2,3,6,1,0,1,1,2,1
2,2,22,96,15,2,2,900,0,1,1,1,2,0,2,3,8,1,0,1,1,2,1
2,2,27,120,75,2,2,1200,1,2,1,1,2,24,4,2,6,1,0,1,1,2,1
2,8,60,121,40,1,2,1100,1,1,1,1,2,36,2,3,6,1,0,1,1,2,1
2,2,27,122,15,2,2,950,3,3,1,1,2,12,3,3,6,1,1,1,1,2,1
2,5,16,123,25,1,2,1500,0,1,1,1,1,0,2,3,6,1,0,1,1,2,1
2,9,61,124,9,2,3,1130,1,5,1,2,2,12,3,3,7,0,0,0,0,0,0
2,7,29,125,45,1,4,1500,0,1,1,1,2,0,2,3,9,2,0,1,1,2,1
2,4,51,126,15,2,2,900,3,3,1,1,2,12,3,3,8,1,1,1,1,2,1
2,1,1,127,59,1,2,2200,1,1,1,1,2,12,2,3,12,2,0,1,1,2,1
2,7,29,128,19,2,2,1300,3,3,1,1,2,12,3,3,33,2,2,1,1,2,1
2,2,22,129,63,1,2,1100,0,1,1,1,2,0,2,3,7,1,0,1,1,2,1
2,9,61,130,16,2,2,900,3,3,1,1,2,12,3,3,7,1,1,1,1,2,1
2,7,30,131,42,1,2,1300,0,1,1,1,2,0,2,2,6,1,0,1,1,2,1
2,9,61,130,22,2,2,900,3,4,1,1,2,12,3,3,7,1,1,1,1,2,1
2,7,29,132,25,1,2,1400,0,1,0,1,2,0,2,3,4,1,0,0,0,2,1
2,8,57,133,54,1,2,1300,1,1,1,1,2,12,4,3,6,1,0,1,1,2,1
2,11,62,134,198,1,2,1000,0,2,1,1,2,0,2,3,14,2,0,0,0,2,1
2,7,29,135,24,1,2,1500,0,1,1,1,2,0,2,3,6,1,0,1,1,2,1
2,9,61,130,20,2,2,900,3,4,1,1,2,12,3,3,7,1,1,1,1,2,1
2,7,29,136,11,2,4,1390,1,4,1,2,2,12,3,3,6,0,0,0,0,0,0
2,5,40,60,67,1,1,2000,1,1,1,1,2,12,3,3,50,2,2,1,1,2,1
2,10,46,137,30,1,2,1100,1,1,1,1,2,24,2,2,6,1,0,1,1,2,1
2,2,22,138,79,2,2,1300,1,2,1,1,2,12,2,3,18,2,0,1,1,2,1
2,2,22,139,15,1,4,600,0,1,0,1,2,0,2,3,6,1,0,1,1,2,1
2,3,20,140,54,1,2,300,0,1,1,1,2,0,2,2,11,1,0,0,0,2,1
2,2,63,141,10,2,4,1190,1,3,1,1,2,12,3,3,7,0,0,0,0,0,0
2,2,63,141,12,2,1,1290,1,2,1,1,2,12,3,3,7,0,0,0,0,0,0
2,4,23,142,10,2,4,1230,1,3,1,2,2,12,3,3,5,1,2,1,1,2,0
2,8,57,143,112,1,2,1000,0,2,2,2,2,0,2,3,6,1,0,1,1,2,1
2,10,26,144,36,1,2,1100,0,1,1,1,2,0,2,3,6,1,0,1,1,2,1
2,13,53,145,105,1,2,1000,0,2,1,1,2,0,2,3,6,1,0,1,1,2,1
2,7,47,146,22,1,3,1400,1,1,1,1,2,12,2,3,6,1,0,1,1,2,1
2,6,64,147,9,2,2,930,1,3,1,1,2,12,3,3,17,2,0,1,1,2,0
2,6,64,147,12,2,2,990,1,3,1,1,2,12,3,3,17,0,0,0,0,0,0
2,6,64,147,9,2,4,890,1,3,1,1,2,12,3,3,18,0,0,0,0,0,0
2,5,56,148,26,1,6,1500,1,1,0,1,2,24,2,1,7,1,0,0,1,2,1
2,4,17,149,40,1,2,1100,0,1,1,1,2,0,2,3,6,1,0,1,1,1,1
2,2,65,150,74,1,2,1200,0,4,0,1,2,0,2,3,17,1,0,0,0,2,0
2,7,10,151,26,1,2,1500,0,1,1,1,2,0,2,3,7,2,0,1,1,2,1
2,15,53,152,14,2,2,790,1,4,1,1,2,12,3,3,32,1,0,1,1,2,0
2,6,7,153,16,2,2,650,3,4,1,1,2,1,3,3,9,2,1,1,1,2,1
2,10,46,154,17,1,2,800,0,1,0,0,2,0,2,3,5,1,0,1,1,2,1
2,2,65,155,30,1,2,1200,1,1,0,1,2,12,2,3,6,1,0,1,1,2,1
2,16,66,156,50,1,2,850,0,1,1,1,2,0,2,3,4,1,0,1,1,2,1
2,2,5,157,21,2,4,1180,3,3,1,1,2,24,3,3,9,2,0,1,1,2,0
2,5,40,158,55,1,7,2000,1,1,0,1,2,12,2,3,3,1,0,0,0,0,0
2,4,67,159,36,1,2,1200,1,1,1,1,2,12,2,3,5,1,0,1,1,2,1
2,3,20,160,55,1,2,550,0,2,1,1,2,0,4,3,3,1,0,0,0,2,1
2,7,14,161,10,2,4,1460,1,2,1,1,2,12,3,3,8,0,0,0,0,0,0
2,9,19,27,20,2,2,1100,3,3,1,1,2,12,3,3,7,1,1,1,1,2,1
2,8,12,162,34,1,2,1200,0,1,1,1,2,0,2,2,4,1,0,1,1,2,1
2,5,40,60,56,1,4,2100,0,1,1,1,2,0,2,3,50,2,0,1,1,2,1
2,2,22,163,15,2,2,800,0,1,0,1,2,0,2,2,5,1,0,1,1,2,1
2,9,19,27,20,2,2,1100,3,3,1,1,2,12,3,3,6,1,1,1,1,2,1
2,4,51,164,10,2,2,1230,1,3,1,1,2,12,3,3,33,0,0,0,0,0,0
2,2,27,165,18,1,2,1000,0,1,1,1,2,0,2,3,5,1,0,1,1,2,1
2,2,27,166,14,2,2,800,1,1,0,1,2,12,2,3,7,1,0,1,1,2,1
2,11,28,167,90,1,2,800,2,2,2,1,2,0,2,3,22,2,0,1,1,2,1
2,13,53,168,12,2,2,790,1,3,1,1,2,12,3,3,39,1,0,1,1,2,0
2,13,53,168,11,2,8,730,1,4,1,1,2,12,3,3,33,1,0,1,1,2,0
2,10,44,169,22,1,2,800,0,1,1,1,2,0,2,3,4,1,0,1,1,2,1
2,7,21,170,33,1,2,1500,0,1,1,1,2,0,2,3,5,1,0,1,1,2,1
2,14,68,171,95,1,2,850,0,2,1,1,2,0,2,2,18,2,0,1,1,2,1
2,4,17,172,14,2,8,1000,1,5,1,1,2,12,3,3,20,2,1,1,1,1,1
2,7,21,173,20,2,2,1050,1,2,1,1,2,12,3,3,5,2,2,1,1,2,1
2,1,69,174,75,1,2,2300,0,1,1,1,2,0,2,1,18,2,0,1,1,2,1
2,7,11,175,61,1,6,1300,1,2,1,1,2,12,2,3,6,1,0,1,1,2,1
2,7,11,13,25,1,2,1300,0,1,1,1,2,0,2,3,6,1,0,1,1,2,1
2,2,38,176,25,2,2,1190,3,3,1,1,2,24,3,3,14,2,0,1,1,2,0
2,4,23,177,13,2,2,1230,1,3,1,1,2,12,3,3,6,1,0,1,1,2,0
2,5,16,178,37,1,3,1900,0,1,1,1,2,0,2,3,6,1,0,1,1,2,1
2,5,40,179,55,1,2,1800,0,2,1,1,2,0,2,2,5,1,0,1,1,2,1
2,7,29,46,38,1,2,1300,0,1,1,1,2,0,2,3,8,1,0,1,1,2,1
2,2,42,180,35,1,2,700,0,2,1,1,2,0,2,2,5,1,0,1,1,2,1
2,5,16,181,30,1,2,2000,1,1,1,1,2,12,2,1,7,1,0,1,1,2,1
2,4,23,177,12,2,4,1230,1,3,1,1,2,12,3,3,9,0,0,0,0,0,0
2,13,52,182,96,1,2,1000,0,2,1,1,1,0,2,1,6,2,0,1,1,2,1
2,4,70,183,13,2,2,1190,1,4,1,2,2,12,3,3,6,1,0,1,1,2,0
2,10,46,184,40,1,2,1200,1,1,1,1,2,24,2,3,6,1,0,1,1,2,1
2,6,64,185,83,1,2,800,1,2,1,1,2,36,2,1,24,2,0,1,1,2,1
2,5,40,186,27,1,2,1200,0,1,1,0,2,0,2,1,6,1,0,1,1,2,1
2,14,71,187,12,2,2,600,1,1,1,1,2,24,2,3,5,1,0,1,1,2,1
2,7,47,188,38,1,2,1400,0,1,1,1,2,0,2,3,7,1,0,1,1,2,1
2,4,70,183,16,2,2,1000,3,4,1,1,2,12,3,3,6,1,1,1,1,2,1
2,7,14,189,13,1,2,900,0,1,0,0,2,0,2,-2,6,1,0,1,1,2,1
2,4,4,4,11,2,1,950,1,3,1,1,2,36,3,3,6,1,0,1,1,2,1
2,5,8,190,45,1,2,1700,1,1,1,1,2,12,2,3,7,1,0,1,1,2,1
2,4,4,4,11,2,2,950,1,5,1,1,2,12,3,3,6,1,0,1,1,2,1
2,7,21,191,38,1,2,1200,0,1,1,1,2,0,2,3,6,1,0,1,1,2,1
2,2,22,139,14,1,3,900,0,1,0,1,2,0,2,3,8,1,0,1,1,2,1
2,11,72,192,93,1,2,900,0,2,1,1,2,0,2,3,6,1,0,1,1,2,1
2,14,73,193,43,1,2,1000,0,1,1,1,2,0,2,3,6,1,0,1,1,2,1
2,8,57,194,64,1,2,1200,0,1,1,1,2,0,2,3,7,1,0,1,1,2,1
2,4,4,4,16,2,2,950,3,3,1,1,2,12,3,3,6,1,1,1,1,2,1
2,14,74,195,22,1,2,680,1,1,1,1,2,12,2,-2,5,1,0,1,1,2,1
2,4,4,4,15,2,2,1000,3,5,1,1,2,12,3,3,6,1,1,1,1,2,1
2,2,65,196,39,1,2,1200,1,1,1,1,2,12,2,3,6,1,0,1,1,2,1
2,2,22,197,15,2,2,750,3,4,1,1,2,5,3,3,5,1,1,1,1,2,1
2,7,35,50,35,1,4,1400,0,1,1,1,2,0,2,3,8,1,0,1,1,2,1
2,2,38,198,10,2,2,601,3,4,1,1,2,12,3,3,6,1,1,1,1,2,1
2,3,20,199,55,1,2,1000,1,2,1,1,2,12,2,3,6,1,0,1,1,2,1
2,4,25,200,12,2,4,1230,1,3,1,1,2,12,3,3,7,1,0,1,1,2,0
2,2,42,201,44,1,2,1200,0,1,1,1,2,0,2,2,6,1,0,1,1,2,1
2,4,25,200,18,2,2,1200,3,4,1,1,2,12,3,3,7,1,2,1,1,2,1
2,6,75,202,6,2,2,890,1,4,1,2,2,12,3,3,18,0,0,0,0,0,0
2,12,48,203,88,1,2,500,1,2,1,1,2,12,2,2,16,1,0,1,1,2,1
2,2,76,204,15,1,2,1250,0,3,1,2,2,0,2,2,6,1,0,1,1,2,1
2,4,9,205,14,1,2,850,0,1,1,1,2,0,4,3,7,1,0,1,1,2,1
2,7,13,206,15,2,2,1030,1,4,1,2,2,12,3,3,3,1,2,1,1,2,1
2,10,45,207,20,2,6,1100,3,4,1,2,2,12,3,3,50,2,0,1,1,1,1
2,7,30,208,86,1,2,1300,0,2,1,1,2,0,2,2,33,2,0,1,1,2,1
2,8,37,209,125,1,2,1300,0,3,2,2,2,0,2,3,11,2,0,1,1,2,1
2,8,57,112,39,1,2,1400,0,1,1,1,2,0,2,3,5,1,0,1,1,2,1
2,2,76,210,8,2,4,1290,1,3,1,1,2,12,3,3,6,1,0,1,1,2,0
2,2,76,210,12,2,2,1290,1,3,1,1,2,12,3,3,6,1,0,1,1,2,0
2,7,29,40,40,1,2,1400,0,1,1,1,2,0,2,3,7,1,0,1,1,2,1
2,4,25,211,24,1,2,800,0,1,1,1,2,0,2,2,5,1,0,1,1,2,1
2,5,6,212,18,1,2,1000,1,1,0,0,2,36,2,2,3,1,0,0,1,1,2
2,2,76,210,16,2,2,1030,3,3,1,1,2,12,3,3,6,1,0,1,1,2,1
2,2,76,210,11,2,2,1260,1,3,1,1,2,12,3,3,11,0,0,0,0,0,0
2,5,6,213,28,1,5,1200,0,1,0,1,2,0,2,3,4,1,0,1,1,2,1
2,5,40,214,15,1,8,1500,0,1,0,1,2,0,2,1,6,1,0,0,0,0,0
2,8,60,215,37,1,2,1000,0,1,1,1,2,0,2,3,6,1,0,1,1,2,1
2,2,76,210,15,2,2,1000,3,3,1,1,2,12,3,3,6,1,0,1,1,2,1
2,9,19,116,15,2,2,900,3,4,1,1,2,12,3,3,14,2,1,1,1,2,1
2,5,77,216,22,1,3,950,1,1,0,0,2,12,2,3,3,1,0,0,1,2,1
2,9,78,217,42,1,2,1100,0,1,1,1,2,0,2,3,7,1,0,0,0,2,1
2,4,51,218,30,1,1,1100,0,1,1,1,2,0,2,3,5,1,0,0,0,2,1
2,9,19,116,13,2,2,850,3,4,1,1,2,12,3,3,14,2,1,1,1,2,1
2,2,76,219,15,2,2,1150,3,4,1,1,2,12,3,3,6,1,0,1,1,2,1
2,10,46,137,30,1,2,1000,1,1,1,1,2,24,2,2,6,1,0,1,1,2,1
2,7,29,125,37,1,2,1500,0,1,1,1,2,0,2,-2,7,1,0,1,1,2,1
2,6,79,220,39,1,2,1000,0,1,1,1,2,0,2,2,6,1,0,1,1,2,1
2,4,55,221,18,1,2,800,1,1,0,0,2,12,2,1,6,1,0,1,1,2,1
2,8,39,222,76,1,2,1200,0,2,1,1,2,0,2,3,7,1,0,1,1,2,1
2,2,76,223,15,2,2,1050,3,3,1,1,2,12,3,3,6,1,0,1,1,2,1
2,5,6,224,29,1,2,2000,0,2,0,0,2,0,2,3,2,1,0,0,0,0,0
2,2,76,223,14,2,2,1000,3,4,1,1,2,12,3,3,6,1,0,1,1,2,1
2,9,31,225,46,1,4,600,0,1,0,0,2,0,2,1,6,1,0,1,1,2,1
2,5,8,44,36,1,2,1900,0,1,0,1,2,0,2,2,6,1,0,1,1,2,1
2,13,53,226,88,1,2,850,0,2,1,1,2,0,2,3,6,1,0,0,0,1,1
2,5,16,227,49,1,2,1900,0,1,1,1,2,0,2,2,6,1,0,1,1,2,1
2,8,80,228,110,1,2,1200,0,2,1,1,2,0,2,3,34,2,0,1,1,2,1
2,2,76,223,14,2,2,1090,3,3,1,1,2,12,3,3,6,1,0,1,1,2,1
2,3,20,229,39,1,2,900,0,1,1,1,2,0,2,2,6,1,0,1,1,2,1
2,2,76,223,16,2,2,1080,3,3,1,1,2,12,3,3,6,1,0,1,1,2,1
2,12,81,230,98,1,2,720,1,3,1,1,2,12,2,3,3,1,0,1,1,2,1
2,2,76,223,18,2,2,1290,3,4,1,1,2,12,3,3,6,1,0,1,1,2,1
2,5,77,231,23,1,2,1500,0,2,0,1,2,0,2,1,2,1,0,0,0,2,1
2,7,11,73,24,1,2,1000,1,1,1,1,2,12,2,1,5,1,0,1,1,2,1
2,4,55,221,16,1,2,550,1,1,0,0,2,12,2,1,6,1,0,1,1,2,1
2,13,53,232,48,1,2,800,0,1,1,1,2,0,2,3,6,1,0,0,0,2,1
2,7,13,206,28,1,4,900,0,1,0,0,2,0,2,3,4,1,0,1,1,2,1
2,2,76,223,16,2,2,1090,3,3,1,1,2,12,3,3,6,1,0,1,1,2,1
2,3,20,233,40,1,2,800,0,1,1,1,2,0,2,3,6,1,0,1,1,2,1
2,2,76,223,16,2,2,1190,3,3,1,1,2,12,3,3,6,1,0,1,1,2,1
2,7,47,102,36,1,2,1500,0,1,1,1,2,0,2,2,7,1,0,1,1,2,1
2,14,82,234,10,2,2,650,1,5,2,3,2,12,3,3,6,1,2,1,1,2,1
2,7,30,235,55,1,2,1500,0,2,1,1,2,0,2,3,6,1,0,1,1,2,1
2,7,83,236,15,2,2,1290,1,3,1,1,2,12,3,3,22,0,0,0,0,0,0
2,7,29,46,43,1,2,1500,0,1,1,1,2,0,2,3,7,1,0,1,1,2,1
2,7,83,236,10,2,4,1190,1,4,1,2,2,12,3,3,27,0,0,0,0,0,0
2,17,84,237,79,1,2,1350,2,2,1,1,2,36,2,3,11,2,0,1,1,2,1
2,7,83,236,10,2,4,1190,1,4,1,2,2,12,3,3,27,0,0,0,0,0,0
2,7,83,236,14,2,2,1290,1,3,1,1,2,12,3,3,30,0,0,0,0,0,0
2,14,58,238,100,1,2,700,0,3,1,1,2,0,2,1,31,1,0,1,1,2,1
2,2,22,239,26,1,2,1100,0,1,1,1,2,0,2,3,5,1,0,1,1,2,1
2,7,30,49,32,1,2,1300,0,1,1,1,2,0,2,3,6,1,0,1,1,2,1
2,4,25,33,10,2,2,601,3,3,1,1,2,10,3,3,5,1,1,1,1,2,1
2,2,27,51,20,2,2,1000,3,4,1,1,2,12,3,3,6,1,1,1,1,2,1
2,9,85,240,30,1,2,1100,0,1,1,1,2,0,2,3,6,1,0,1,1,2,1
2,7,29,241,14,1,1,1200,0,1,0,1,2,0,2,3,7,1,0,1,1,2,1
2,4,51,85,30,1,2,800,0,1,0,1,2,0,2,3,3,1,0,1,1,2,1
2,6,64,242,9,2,4,930,1,4,1,1,2,12,3,3,16,0,2,0,0,0,0
2,5,56,243,11,2,2,1630,1,5,1,2,2,12,3,3,28,2,2,1,1,2,0
2,4,49,244,38,1,2,1200,0,1,1,1,2,0,2,3,6,1,0,1,1,2,1
2,7,86,245,27,1,2,1000,1,1,0,1,2,24,2,3,6,1,0,1,1,2,1
2,5,77,246,31,1,4,1500,1,1,0,1,2,12,2,3,6,1,0,1,1,2,1
2,5,56,243,10,2,7,1630,1,4,1,2,2,12,3,3,25,2,2,1,1,2,0
2,4,25,247,17,2,6,1200,3,3,1,1,2,12,3,3,6,1,2,1,1,2,1
2,2,22,74,14,2,2,800,0,1,0,0,2,12,2,3,8,1,0,1,1,2,1
2,8,60,248,51,1,2,1500,0,1,1,1,2,0,2,1,34,2,0,1,1,2,1
2,3,20,26,31,1,2,750,0,1,0,1,2,0,2,2,3,1,0,1,1,2,1
2,4,25,247,17,2,2,1200,3,3,1,1,2,12,3,3,6,1,2,1,1,2,1
2,6,87,249,7,2,4,860,1,4,1,2,2,12,3,3,22,2,0,1,1,2,0
2,5,6,250,24,1,1,1400,0,1,1,1,2,0,4,-2,1,1,0,1,1,2,1
2,11,88,251,95,1,2,600,0,2,2,1,2,0,2,2,12,2,0,1,1,2,1
2,14,73,252,60,1,2,700,1,1,1,1,2,36,4,3,23,1,0,0,0,2,1
2,6,87,249,8,2,4,1030,1,3,1,1,2,12,3,3,22,2,0,1,1,2,0
2,12,34,253,9,2,2,1130,1,4,1,2,2,12,3,3,11,2,2,1,1,2,0
2,13,89,254,93,1,2,1000,1,2,1,1,2,24,4,3,18,2,0,1,1,2,1
2,8,57,255,55,1,2,1500,0,1,1,1,2,0,2,3,5,1,0,1,1,2,1
2,13,52,182,99,1,2,800,0,2,2,1,2,0,2,1,33,2,0,1,1,2,1
2,7,11,13,41,1,2,1500,0,2,1,1,2,0,2,3,6,1,0,1,1,2,1
2,10,26,256,45,1,2,1200,0,1,1,1,2,12,2,3,6,1,0,1,1,2,1
2,4,51,85,25,1,2,900,0,1,0,0,2,0,2,2,4,1,0,1,1,2,1
2,5,40,257,35,1,3,1400,0,1,0,0,2,0,2,2,4,1,0,0,0,2,1
2,2,22,258,22,1,2,1000,0,2,1,1,2,0,2,2,7,1,0,1,1,2,1
2,12,34,253,7,2,4,930,1,3,1,1,2,12,3,3,14,2,2,1,1,2,0
2,12,48,259,22,2,2,1130,1,4,1,3,2,12,3,3,5,0,0,0,0,0,0
2,10,26,118,15,2,2,1000,3,3,1,1,2,12,3,3,6,1,1,1,1,2,1
2,2,27,260,15,1,2,1000,0,1,0,1,2,0,2,3,6,1,0,1,1,2,1
2,11,88,251,98,1,2,1000,2,2,1,1,2,24,2,2,14,2,0,1,1,2,1
2,2,42,261,30,1,2,1200,0,1,1,1,2,0,2,3,6,1,0,1,1,2,1
2,5,77,262,40,1,2,2100,0,1,1,1,2,0,2,3,7,1,0,1,1,2,1
2,10,26,118,10,2,2,650,1,3,1,1,1,11,2,3,6,1,1,1,1,2,1
2,10,26,118,15,2,4,900,1,3,1,1,1,11,2,3,6,1,1,1,1,2,1
2,10,26,118,14,2,2,900,3,3,1,1,2,6,3,3,6,1,2,1,1,2,1
2,2,27,263,51,1,2,1000,0,2,1,1,2,0,2,3,6,1,0,1,1,2,1
2,4,90,264,21,1,1,1200,1,2,0,0,2,12,2,2,8,1,0,1,1,2,1
2,7,13,265,76,1,2,1300,0,2,1,1,2,0,2,3,7,1,0,1,1,2,1
2,1,36,266,91,1,2,2400,0,2,1,1,2,0,2,1,21,2,0,1,1,2,1
2,10,26,118,20,2,2,1050,1,3,1,1,1,11,2,3,6,1,1,1,1,2,1
2,10,46,267,8,2,2,1090,1,3,1,1,2,12,3,3,33,2,0,1,1,2,0
2,13,89,268,10,2,4,871,3,3,1,1,2,6,3,3,22,2,0,1,1,2,1
2,3,20,269,57,1,1,800,0,2,1,1,2,0,4,3,7,1,0,1,1,2,1
2,14,58,238,82,1,2,800,0,2,1,1,2,0,2,3,28,1,0,1,1,2,1
2,7,47,270,41,1,2,1400,0,1,1,1,2,0,2,3,6,1,0,1,1,2,1
2,2,22,271,57,1,2,1300,0,2,1,1,2,0,2,2,5,1,0,1,1,2,1
2,2,27,272,16,2,2,1280,3,2,1,1,2,12,3,3,6,1,0,1,1,2,1
2,7,30,273,8,2,4,1090,1,3,1,1,2,12,3,3,6,1,0,1,1,2,0
2,2,22,139,59,2,2,1000,0,1,1,1,2,12,2,2,6,1,0,1,1,2,1
2,2,22,101,25,1,4,1100,0,1,1,1,2,0,2,3,6,1,0,1,1,2,1
2,11,91,274,85,1,2,500,1,2,2,2,2,24,2,2,27,2,0,1,1,2,1
2,17,84,275,92,1,2,900,0,2,2,1,2,0,2,3,26,2,0,1,1,2,1
2,7,30,273,13,2,2,1361,3,3,1,1,2,6,3,3,6,1,0,1,1,2,1
2,3,20,276,76,1,2,1000,1,2,1,1,2,12,2,-2,6,1,0,1,1,2,1
2,6,64,277,10,2,4,930,1,4,1,1,2,12,3,3,7,2,2,1,1,2,0
2,5,56,278,32,1,2,2100,0,1,1,1,2,0,2,3,6,1,0,1,1,2,1
2,2,65,279,39,1,2,1200,1,1,1,1,2,24,2,3,6,1,0,1,1,2,1
2,7,35,280,34,1,2,1500,0,1,1,1,2,0,2,3,6,1,0,1,1,2,1
2,7,14,161,35,1,3,1500,0,1,1,1,2,0,2,1,8,1,0,1,1,2,1
2,5,40,281,38,1,2,1600,0,1,1,1,2,0,2,2,24,2,0,2,2,1,1
2,6,64,277,7,2,4,860,1,4,1,1,2,12,3,3,7,2,2,1,1,2,0
2,3,3,282,71,1,2,800,0,2,1,1,2,0,2,-2,4,1,0,1,1,2,1
2,6,64,277,8,2,4,790,1,5,1,2,2,12,3,3,5,0,2,0,0,0,0
2,15,53,152,86,1,2,1200,0,2,1,1,2,0,4,1,18,2,0,1,1,2,1
2,2,22,283,15,2,2,1000,3,4,1,1,2,10,3,3,28,2,1,1,1,2,1
2,17,84,284,79,1,2,1400,4,2,1,1,2,12,2,3,21,2,0,1,1,2,1
2,8,33,285,43,1,2,1500,0,1,1,1,2,0,4,3,6,1,0,0,0,2,1
2,3,20,199,59,1,2,1000,0,2,1,1,2,0,2,3,6,1,0,1,1,2,1
2,11,92,286,65,1,2,1000,0,2,2,1,2,0,2,3,6,1,0,1,1,2,1
2,7,21,287,30,1,1,2000,0,1,1,1,2,0,2,3,6,1,0,1,1,2,1
2,10,93,288,18,2,4,850,1,5,1,1,2,8,3,3,7,1,0,1,1,2,0
2,4,49,289,47,1,2,1200,0,1,1,1,2,0,2,2,30,2,0,1,1,2,1
2,2,27,51,12,2,2,900,3,4,1,1,2,5,3,3,6,1,1,1,1,2,1
2,5,6,213,16,1,6,1000,0,1,0,0,2,0,2,3,2,1,0,1,1,2,1
2,2,5,290,17,2,6,1300,3,3,1,1,2,12,3,3,6,1,2,1,1,2,1
2,7,54,291,60,1,2,1300,0,1,1,1,2,0,2,2,5,1,0,1,1,2,1
2,2,65,292,18,2,2,1000,3,3,1,1,2,12,3,3,5,1,1,1,1,2,1
2,10,26,293,32,1,2,1200,0,1,1,1,2,0,2,3,6,1,0,1,1,2,1
2,7,86,294,12,2,4,1360,1,3,1,1,2,12,3,3,6,0,0,0,0,0,0
2,7,47,295,38,1,2,1500,0,1,1,1,2,0,2,3,6,1,0,1,1,2,1
2,7,86,294,14,2,2,1430,1,3,1,1,2,12,3,3,6,0,0,0,0,0,0
2,17,84,296,44,1,6,750,2,1,1,1,2,12,2,2,6,1,0,2,2,1,1
2,5,16,297,35,1,2,1700,5,1,0,1,2,0,2,3,7,1,0,1,1,2,1
2,11,94,298,71,1,2,900,0,1,1,1,2,0,2,3,28,2,0,1,1,2,1
2,2,32,299,24,1,3,1200,0,1,0,1,2,0,2,3,6,1,0,1,1,2,1
2,7,86,294,12,2,4,1360,1,3,1,1,2,12,3,3,6,0,0,0,0,0,0
2,7,86,294,11,2,4,1330,1,3,1,1,2,12,3,3,6,0,0,0,0,0,0
2,2,76,300,9,2,2,1290,1,3,1,1,2,12,3,3,6,0,0,0,0,0,0
2,5,16,297,35,1,2,1900,0,1,0,1,2,0,2,3,7,1,0,1,1,2,1
2,5,56,148,26,1,4,1000,0,1,0,0,2,0,2,3,7,1,0,1,1,2,1
2,8,57,301,41,1,2,1100,0,1,1,1,2,0,2,3,4,1,0,1,1,2,1
2,11,62,302,130,1,2,1000,0,3,1,1,2,0,2,1,16,1,0,0,0,2,1
2,2,76,300,8,2,1,1260,1,3,1,1,2,12,3,3,6,0,0,0,0,0,0
2,2,76,300,15,2,2,1050,3,3,1,1,2,12,3,3,6,1,0,1,1,2,1
2,2,76,300,7,2,4,1290,1,3,1,1,2,12,3,3,6,0,0,0,0,0,0
2,8,57,303,54,1,2,1400,0,2,1,1,2,0,2,3,4,1,0,1,1,2,1
2,8,33,304,56,1,2,1400,0,2,1,1,2,0,2,3,7,2,0,1,1,2,1
2,2,27,305,15,1,4,1200,0,2,1,1,2,0,2,3,6,1,0,1,1,2,1
2,7,10,151,26,1,2,1500,0,1,1,1,2,0,2,2,7,2,0,1,1,2,1
2,2,76,300,9,2,4,1230,1,3,1,1,2,12,3,3,6,1,0,1,1,2,0
2,2,76,300,8,2,3,1290,1,3,1,1,2,12,3,3,6,0,0,0,0,0,0
2,2,76,300,12,2,2,1000,3,3,1,1,2,12,3,3,6,1,0,1,1,2,1
2,7,10,306,46,1,2,1500,0,1,1,1,2,0,2,3,7,1,0,1,1,2,1
2,5,6,307,16,1,1,1500,0,1,0,1,2,0,2,3,3,1,0,0,0,0,0
2,13,53,308,117,1,2,1000,1,3,1,1,2,12,2,3,32,1,0,1,1,2,1
2,7,13,309,36,1,3,1100,0,1,1,1,2,0,2,3,8,1,0,1,1,2,1
2,4,23,310,9,2,1,1230,1,3,1,1,2,12,3,3,30,0,0,0,0,0,0
2,4,55,103,15,2,2,1150,3,2,1,1,2,10,3,3,6,1,1,1,1,2,1
2,7,13,311,34,1,2,1500,1,2,0,1,2,24,2,3,5,1,0,1,1,2,1
2,9,85,312,36,1,2,1100,0,1,1,1,2,0,2,3,6,1,0,1,1,2,1
2,7,30,313,50,1,2,1300,0,2,1,1,2,0,2,2,6,1,0,1,1,2,1
2,5,16,227,46,1,6,2100,0,1,1,1,2,0,2,3,6,1,0,1,1,2,1
2,2,5,314,23,2,2,1160,3,4,1,1,2,24,3,3,12,2,0,1,1,2,1
2,4,9,315,13,1,4,800,0,1,1,1,2,0,2,3,7,1,0,1,1,2,1
2,12,34,316,8,2,2,1090,1,3,1,1,2,12,3,3,18,0,2,0,0,0,0
2,1,69,317,90,1,2,2000,0,3,1,1,2,0,2,2,30,1,0,0,0,0,0
2,7,35,318,38,1,2,900,0,1,1,1,2,0,2,3,4,1,0,1,1,2,1
2,15,53,319,92,1,2,1000,0,3,1,1,2,0,2,2,8,1,0,0,0,2,1
2,8,95,320,60,1,2,1200,0,2,1,1,2,0,2,2,6,1,0,1,1,2,1
2,3,20,321,114,1,2,1000,0,3,1,1,0,0,0,2,16,2,0,1,1,2,1
2,7,96,322,8,2,1,1090,1,3,1,2,2,12,3,3,18,0,0,0,0,0,0
2,13,97,323,77,1,2,600,1,2,1,1,2,36,2,3,30,1,0,1,1,2,1
2,7,96,324,11,2,4,1290,1,3,1,1,2,12,3,3,6,0,0,0,0,0,0
2,13,53,168,120,1,2,800,0,3,2,1,2,0,2,1,33,2,0,1,1,2,1
2,7,96,324,15,2,2,1330,1,3,1,1,2,12,3,3,6,0,0,0,0,0,0
2,8,57,325,69,1,2,1400,0,1,1,1,2,0,2,3,6,1,0,1,1,2,1
2,10,26,326,19,1,2,1000,0,1,1,1,2,0,2,2,5,1,0,1,1,2,1
2,7,10,61,28,1,2,1500,0,1,1,1,2,0,2,3,6,1,0,1,1,2,1
2,8,98,327,85,1,2,1450,0,2,1,1,2,0,2,3,11,1,0,0,0,0,0
2,1,99,328,90,1,2,2300,0,2,1,1,2,0,2,1,17,2,0,1,1,2,1
2,7,96,324,18,2,4,1390,1,3,1,1,2,12,3,3,6,0,0,0,0,0,0
2,8,80,329,67,1,1,1500,0,1,1,1,2,0,2,2,30,2,0,1,1,2,1
2,4,4,330,12,2,2,950,3,4,1,1,2,12,3,3,6,1,1,1,1,2,1
2,7,21,331,39,1,2,1400,1,1,1,1,2,24,2,2,6,1,0,1,1,2,1
2,2,42,332,13,2,6,700,3,4,1,1,2,12,3,3,6,1,0,1,1,2,0
2,2,5,333,40,1,2,1300,0,1,1,1,2,0,2,3,7,1,0,1,1,2,1
2,2,42,332,15,2,2,700,3,4,1,1,2,12,3,3,6,1,1,1,1,2,1
2,5,40,334,42,1,2,1500,1,1,1,1,2,24,2,2,3,1,0,1,1,2,1
2,2,42,332,15,2,2,800,3,4,1,1,2,12,3,3,6,1,1,1,1,2,1
2,5,8,335,30,1,7,1700,1,1,1,1,2,12,2,3,6,1,0,1,1,2,1
2,4,67,336,15,2,2,1230,1,3,1,1,2,12,3,3,5,0,2,0,0,0,0
2,4,67,336,10,2,2,1160,1,3,1,1,2,12,3,3,5,0,2,0,0,0,0
2,2,63,337,36,1,1,1200,0,1,1,1,2,0,2,2,7,1,0,0,0,2,1
2,3,20,276,39,1,1,800,0,1,1,1,2,0,2,3,6,1,0,1,1,2,1
2,7,54,338,15,1,1,1200,0,1,1,1,2,0,2,1,5,1,0,1,1,2,1
2,7,86,339,13,2,4,1260,1,4,1,2,2,12,3,3,6,1,0,1,1,2,0
2,4,17,340,15,2,2,850,1,3,1,1,2,12,3,3,7,1,1,1,1,2,1
2,2,42,70,31,1,2,1200,0,1,1,1,2,0,2,3,6,1,0,1,1,2,1
2,9,100,341,53,1,2,1100,0,1,1,1,2,0,2,3,24,2,0,1,1,2,1
2,3,20,342,79,1,2,1000,0,2,1,1,2,0,2,3,6,1,0,1,1,2,1
2,4,17,343,17,2,2,1200,3,4,1,1,2,12,3,3,11,2,2,1,1,2,1
2,6,64,344,12,2,2,960,1,3,1,1,2,12,3,3,11,0,2,0,0,0,0
2,12,101,345,39,1,2,1100,0,1,1,1,2,0,2,3,6,1,0,1,1,2,1
2,8,95,320,40,1,2,1400,0,1,1,1,2,0,2,3,6,1,0,1,1,2,1
2,7,14,346,24,1,2,1500,0,1,1,1,2,0,2,3,8,1,0,1,1,2,1
2,6,64,344,6,2,4,790,1,4,1,1,2,12,3,3,6,0,2,0,0,0,0
2,6,64,344,12,2,4,960,1,3,1,1,2,12,3,3,6,1,2,1,1,2,0
2,17,84,347,80,1,2,1400,0,2,1,1,2,0,2,3,7,1,0,1,1,2,1
2,6,64,242,93,2,2,1000,0,3,2,1,2,0,2,1,18,2,0,1,1,2,1
2,11,72,348,85,1,2,600,0,2,2,1,2,0,2,2,16,2,0,1,1,2,1
2,9,19,116,15,2,2,900,3,4,1,1,2,10,3,3,6,1,1,1,1,2,1
2,4,70,349,13,2,2,1000,3,5,1,1,2,12,3,3,6,1,1,1,1,2,1
2,3,20,140,85,1,2,600,0,2,1,1,2,0,2,3,7,2,0,1,1,2,1
2,5,56,104,20,1,2,1000,1,1,0,0,2,24,2,3,8,1,0,1,1,2,1
2,4,55,350,18,1,6,1100,1,1,1,0,2,12,2,3,4,1,0,1,1,2,1
2,4,70,349,9,2,4,1190,1,3,1,1,2,12,3,3,6,0,2,0,0,0,0
2,7,86,351,10,2,4,1290,1,4,1,2,2,12,3,3,24,0,0,0,0,0,0
2,11,28,352,93,1,2,600,0,2,1,1,2,0,4,1,27,2,0,1,1,2,1
2,5,56,353,25,1,1,1800,1,1,0,1,2,12,2,2,6,1,0,1,1,2,1
2,7,30,354,20,1,4,800,0,1,0,0,2,0,2,3,5,1,0,1,1,2,1
2,11,92,355,84,1,2,1000,0,2,1,1,2,0,2,3,7,1,0,1,1,2,1
2,4,23,31,35,1,3,1200,0,1,1,1,2,0,2,3,6,1,0,1,1,2,1
2,6,64,185,12,2,2,960,1,3,1,1,2,12,3,3,18,2,0,1,1,2,0
2,12,102,356,70,1,2,1000,0,2,1,1,2,0,2,2,6,1,0,1,1,2,1
2,6,64,185,12,2,2,1030,1,4,1,2,2,12,3,3,24,0,0,0,0,0,0
2,11,103,357,88,1,2,800,0,2,1,1,2,0,2,3,7,1,0,1,1,2,1
2,11,88,358,101,1,2,500,0,3,2,1,2,24,2,2,18,2,0,1,1,2,1
2,4,17,359,43,1,1,1200,0,1,1,1,2,0,2,3,7,1,0,1,1,2,1
2,10,104,360,18,1,8,900,0,1,1,1,2,0,2,2,5,1,0,0,1,2,1
2,1,41,66,111,1,2,2000,0,2,1,1,2,0,2,2,18,2,0,1,1,2,1
2,6,64,185,8,2,2,860,1,3,1,1,2,12,3,3,18,0,0,0,0,0,0
2,7,30,361,36,1,1,1500,0,1,1,1,2,0,2,2,6,1,0,1,1,2,1
2,6,64,185,7,2,2,790,1,4,1,2,2,12,3,3,8,2,0,1,1,2,0
2,7,50,362,27,1,2,700,0,1,0,0,2,0,2,2,6,1,0,1,1,2,1
2,6,64,185,9,2,4,930,1,4,1,2,2,12,3,3,8,2,0,1,1,2,0
2,8,39,363,82,1,2,1500,1,2,2,1,2,12,2,3,8,1,0,1,1,2,1
2,1,1,364,60,1,2,2000,0,1,1,1,2,0,2,2,32,2,0,1,1,2,1
2,5,16,365,30,1,2,1800,0,1,0,0,2,0,2,3,5,1,0,1,1,2,1
2,13,53,366,42,1,2,800,1,1,1,1,2,36,2,2,6,1,0,1,0,2,1
2,5,40,367,23,1,2,1300,0,1,0,0,2,0,2,1,6,1,0,1,1,2,1
2,6,64,185,15,2,4,990,1,3,1,2,2,12,3,3,24,2,0,1,1,2,0
2,7,10,368,28,1,2,1100,0,1,0,0,2,0,2,3,5,1,0,1,1,2,1
2,6,64,185,17,2,2,960,1,4,1,2,2,12,3,3,8,2,0,1,1,2,0
2,8,98,369,84,1,2,1000,1,2,1,1,2,12,2,3,24,2,0,1,1,2,1
2,6,64,185,14,2,4,930,1,3,1,1,2,12,3,3,18,0,0,0,0,0,0
2,4,4,370,30,1,2,1200,0,1,1,1,2,0,2,3,6,1,0,1,1,2,1
2,6,64,185,7,2,2,860,1,4,1,2,2,12,3,3,8,2,0,1,1,2,0
2,3,20,371,44,1,2,900,0,1,1,1,2,0,2,3,6,1,0,1,1,2,1
2,6,64,185,9,2,4,860,1,4,1,2,2,12,3,3,8,0,0,0,0,0,0
2,5,40,372,8,1,4,800,0,1,0,0,2,0,2,1,3,1,0,1,1,2,1
2,6,64,185,9,2,4,890,1,4,1,2,2,12,3,3,24,0,0,0,0,0,0
2,12,101,373,34,1,2,1100,1,1,1,1,2,24,2,3,5,1,0,1,1,2,1
2,14,73,374,60,1,2,1000,1,1,1,1,2,24,2,1,27,2,0,1,0,2,1
2,7,11,375,35,1,2,1200,0,2,0,1,2,0,2,3,5,1,0,1,1,2,1
2,14,71,187,24,1,2,650,0,1,0,1,2,0,2,2,5,1,0,1,1,2,1
2,6,64,185,9,2,4,860,1,4,1,2,2,12,3,3,8,0,0,0,0,0,0
2,6,64,185,15,2,2,990,1,3,1,1,2,12,3,3,18,0,0,0,0,0,0
2,6,64,185,7,2,2,830,1,4,1,2,2,12,3,3,11,2,0,1,1,2,0
2,7,47,376,14,1,4,1200,0,1,1,1,2,0,2,3,6,1,0,1,1,2,1
2,7,86,377,25,1,4,1300,0,1,1,1,2,0,2,3,30,2,0,1,1,2,1
2,8,37,378,45,1,2,1500,1,1,1,1,2,12,2,2,6,1,0,1,1,2,1
2,7,50,379,39,1,2,1500,1,1,1,1,2,12,2,2,6,1,0,1,1,2,1
2,7,30,380,9,2,4,1290,1,3,1,1,2,12,3,3,10,2,2,1,1,2,0
2,9,78,381,7,2,1,1030,1,3,1,1,2,12,3,3,7,0,2,0,0,0,0
2,2,65,382,14,2,2,1099,3,3,1,1,2,12,3,3,6,1,2,1,1,2,1
2,6,64,383,112,1,2,1000,0,3,2,2,2,0,2,2,8,1,0,1,1,2,1
2,1,1,384,73,1,2,2000,0,1,1,1,2,0,2,1,30,2,0,1,1,2,1
2,5,8,385,28,1,2,1300,0,1,0,0,2,0,2,3,5,1,0,1,1,2,1
2,7,29,40,40,1,1,1500,0,1,1,1,2,0,2,3,8,1,0,1,1,2,1
2,2,38,386,21,2,2,1090,3,3,1,1,2,24,3,3,30,2,0,1,1,2,0
2,7,86,387,10,2,2,1360,1,3,1,2,2,12,3,3,26,0,0,0,0,0,0
2,7,86,387,14,2,2,1460,1,3,1,1,2,12,3,3,25,2,0,1,1,2,0
2,7,30,94,30,1,2,1350,0,1,1,1,2,0,2,2,6,1,0,0,0,2,1
2,5,8,335,33,1,8,1900,1,1,1,1,2,12,2,2,6,1,0,1,1,2,1
2,5,16,388,18,1,3,1000,0,1,0,0,2,0,2,-2,5,1,0,1,1,2,1
2,7,11,389,46,1,8,1500,0,1,1,1,2,0,2,2,7,1,0,1,1,2,1
2,13,89,390,8,2,4,860,3,3,1,1,2,6,4,3,27,2,0,1,1,2,1
2,13,52,182,9,2,2,830,1,3,1,1,2,12,3,3,34,0,2,0,0,0,0
2,3,20,56,64,1,5,900,0,1,1,1,2,0,2,1,18,2,0,1,1,2,1
2,7,11,391,58,1,2,1500,0,2,1,1,2,0,2,3,6,1,0,1,1,2,1
2,13,52,392,81,1,2,650,0,2,1,1,2,0,2,1,8,1,0,1,1,2,1
2,7,29,393,27,1,2,1200,0,2,0,1,2,0,2,3,4,1,0,1,1,2,1
2,7,30,394,35,1,2,1200,0,1,1,1,2,0,2,3,5,1,0,1,1,2,1
2,7,13,395,25,1,2,1000,0,1,1,1,2,0,2,3,6,1,0,1,1,2,1
2,12,81,396,90,1,2,700,0,3,1,1,2,0,2,1,18,2,0,0,0,2,1
2,2,65,397,15,2,2,1000,3,2,1,1,2,12,3,3,4,1,1,1,1,2,1
2,4,25,33,12,2,2,700,3,5,1,1,2,6,3,3,9,2,1,1,1,2,1
2,4,25,33,15,2,2,700,3,5,1,1,2,12,3,3,3,1,1,1,1,2,1
2,8,57,398,90,1,2,1200,0,2,1,1,2,0,4,2,6,1,0,1,1,2,1
2,13,89,399,53,1,2,1000,0,1,1,1,2,0,2,3,15,2,0,1,1,1,1
2,16,66,400,88,1,2,500,2,2,1,1,2,12,2,1,7,2,0,1,1,2,1
2,3,20,56,56,1,2,800,0,2,1,1,0,0,0,3,4,1,0,1,1,2,1
2,2,32,401,17,2,2,900,3,3,1,1,2,12,3,3,7,1,1,1,1,2,1
2,2,5,402,16,2,2,700,3,3,1,1,2,12,3,3,8,1,1,1,1,2,1
2,9,105,403,8,2,2,601,3,3,1,1,2,12,3,3,6,1,1,1,1,2,1
2,17,84,404,84,1,2,1000,2,2,1,1,2,12,2,-2,6,1,0,1,1,2,1
2,7,30,49,32,1,2,1500,0,1,1,1,2,0,2,1,6,1,0,1,1,2,1
2,11,103,405,86,1,2,1000,0,2,1,1,2,0,2,2,18,1,0,0,0,2,1
2,4,4,370,34,1,2,1200,0,1,1,1,2,0,2,3,6,1,0,1,1,2,1
2,2,32,401,8,2,2,700,1,3,1,1,2,12,3,3,6,1,1,1,1,2,1
2,9,106,406,10,2,2,680,3,4,1,1,2,12,3,3,6,1,0,1,1,2,1
2,10,45,207,12,2,2,800,3,4,1,1,2,12,3,3,60,2,1,1,1,2,1
2,7,14,161,33,1,2,1400,0,1,1,1,2,0,2,3,7,1,0,1,1,2,1
2,5,8,407,33,1,2,2000,0,1,1,1,2,0,2,3,6,1,0,1,1,2,1
2,5,77,408,30,1,1,2000,1,1,1,1,2,36,4,3,6,1,0,1,1,2,1
2,14,107,409,56,1,2,800,1,1,1,1,2,24,2,3,27,1,0,0,0,2,1
2,4,55,410,15,2,2,1200,3,2,1,1,2,10,3,3,7,2,1,1,1,2,1
2,7,86,411,12,2,2,1290,1,4,1,2,2,12,3,3,6,0,0,0,0,0,0
2,13,52,412,88,1,2,900,1,2,1,1,2,24,2,2,28,2,0,1,1,2,1
2,4,55,221,26,1,2,1200,0,1,0,1,2,0,2,1,6,1,0,1,1,2,1
2,8,108,413,45,1,2,1000,0,1,1,1,1,0,2,2,5,1,0,0,0,2,1
2,5,6,414,16,1,2,1500,0,1,0,0,2,0,2,3,2,1,0,0,0,0,0
2,2,32,415,15,2,2,1000,3,3,1,1,2,12,3,3,6,2,0,1,1,2,0
2,2,22,258,15,1,2,1100,0,1,1,1,2,0,2,3,7,1,0,1,1,2,1
2,10,93,416,15,2,2,1150,3,3,1,1,2,10,3,3,7,1,1,1,1,2,1
2,8,12,417,35,1,2,1500,0,1,1,1,2,0,2,3,4,1,0,1,1,2,1
2,7,10,418,38,1,2,1400,0,2,1,1,2,0,2,3,5,1,0,1,1,2,1
2,7,13,419,18,1,2,1000,0,1,1,1,2,0,2,3,5,1,0,1,1,2,1
2,10,46,420,50,1,2,1200,1,1,1,1,2,24,2,3,8,1,0,1,1,2,1
2,5,40,421,13,1,3,1100,0,1,0,0,2,0,2,-2,2,1,0,1,1,2,1
2,7,21,97,12,2,3,1330,1,2,1,1,2,12,3,3,8,1,0,1,1,2,1
2,5,8,422,32,1,1,2100,0,1,1,1,2,0,2,3,12,2,0,1,1,2,1
2,7,30,273,15,2,2,1200,1,3,1,1,2,12,3,3,9,2,0,1,1,2,0
2,2,42,423,40,1,2,1100,0,1,1,1,2,0,2,3,6,1,0,1,1,2,1
2,9,105,424,15,2,2,1000,3,2,1,1,2,10,3,3,6,1,1,1,1,2,1
2,7,10,425,30,2,2,1200,0,1,0,1,2,0,2,1,6,1,0,1,1,2,1
2,11,62,426,64,1,2,900,2,2,1,1,2,0,2,3,5,1,0,0,0,2,1
2,5,8,335,33,1,3,2100,0,1,0,1,2,0,2,3,6,1,0,1,1,2,1
2,13,52,182,103,1,2,1000,1,2,1,1,2,12,2,3,7,2,0,1,1,2,1
2,13,89,399,78,1,4,1000,0,2,2,2,2,0,2,3,15,2,0,2,2,1,1
2,14,107,427,15,2,2,850,3,3,1,1,2,12,3,3,6,1,0,1,1,2,0
2,9,19,91,21,1,2,833,0,1,1,1,2,0,4,3,6,1,0,1,1,2,1
2,2,38,198,11,2,2,601,3,4,1,1,2,1,2,3,6,1,1,1,1,2,1
2,10,44,428,16,1,2,800,1,1,0,0,2,12,2,2,5,1,0,1,1,2,1
2,4,70,183,15,2,2,950,3,4,1,1,2,12,3,3,6,1,0,1,1,2,0
2,7,50,429,47,1,2,1500,0,1,1,1,2,0,2,3,6,1,0,1,1,2,1
2,7,86,430,13,2,4,1230,1,3,1,1,2,12,3,3,6,0,0,0,0,0,0
2,11,88,431,76,1,2,600,0,2,1,1,2,0,2,-2,8,2,0,1,1,2,1
2,7,86,430,14,2,2,1260,1,3,1,1,2,12,3,3,6,0,0,0,0,0,0
2,5,8,432,24,1,2,1800,0,1,1,1,2,0,2,3,6,1,0,1,1,2,1
2,4,4,59,16,2,2,1000,3,3,1,1,2,10,3,3,6,1,1,1,1,2,1
2,2,2,2,17,2,2,1300,3,4,1,1,2,12,3,3,37,2,2,1,1,2,1
2,8,39,433,38,1,1,1200,0,1,1,1,2,0,2,2,6,1,0,1,1,2,1
2,6,64,242,15,2,4,830,3,3,1,1,2,12,3,3,18,2,2,1,1,2,1
2,7,50,434,32,1,2,1500,0,1,1,1,1,0,2,3,6,1,0,1,1,2,1
2,2,42,435,20,2,2,601,3,3,1,1,2,12,3,3,6,1,1,1,1,2,1
2,7,30,436,40,1,2,1400,0,1,1,1,2,0,2,2,6,1,0,1,1,2,1
2,4,9,437,15,2,2,1030,1,2,1,1,2,12,3,3,7,1,1,1,1,2,1
2,12,81,396,83,1,2,1000,0,2,1,1,2,0,2,2,25,1,0,0,0,2,1
2,13,52,438,83,1,2,700,0,2,2,1,2,0,2,2,24,1,0,1,1,2,1
2,3,20,371,65,1,2,1000,0,2,1,1,2,0,2,3,6,1,0,1,1,2,1
2,7,21,439,42,1,2,1500,0,1,1,1,2,0,2,3,6,1,0,1,1,2,1
2,4,49,440,75,1,2,1200,0,2,1,1,2,0,2,3,6,1,0,1,1,2,1
2,4,70,441,11,2,2,1130,1,3,1,1,2,12,3,3,6,1,0,1,1,2,0
2,4,90,442,20,1,2,800,1,1,0,1,2,12,2,3,3,1,0,0,0,0,0
2,7,47,443,33,1,2,1500,0,1,1,1,2,0,2,3,6,1,0,1,1,2,1
2,7,11,89,35,1,2,1500,0,2,1,1,2,0,2,3,5,1,0,1,1,2,1
2,11,59,444,139,1,2,800,0,3,2,2,2,0,2,3,8,2,0,1,1,2,1
2,3,109,445,56,1,2,300,0,1,1,1,2,0,2,3,32,1,0,0,0,0,0
2,8,57,446,70,1,2,1400,0,2,1,1,2,0,2,3,6,1,0,1,1,2,1
2,7,30,447,18,1,2,1000,0,1,0,0,2,0,2,2,5,1,0,1,1,2,1
2,14,110,448,7,2,4,960,1,3,1,1,2,12,3,3,6,0,2,0,0,0,0
2,17,84,449,87,1,2,900,2,2,1,1,2,12,2,2,7,1,0,1,1,2,1
2,5,40,60,36,2,2,1600,3,3,1,2,2,12,3,3,50,2,0,1,1,2,1
2,7,29,450,41,1,2,1400,0,1,1,1,2,0,2,-2,7,1,0,1,1,2,1
2,1,1,451,92,1,2,2300,0,2,1,1,2,0,2,1,12,2,0,1,1,2,1
2,1,1,384,99,1,2,2300,1,2,2,1,2,12,2,3,33,2,0,1,1,2,1
2,7,10,452,15,2,2,800,3,5,1,1,2,10,3,3,7,1,1,1,1,1,1
2,1,69,453,28,2,2,850,3,3,1,1,2,12,3,3,6,1,0,1,1,2,1
2,2,65,155,10,2,2,1290,1,2,1,1,2,12,3,3,6,1,0,1,1,2,1
2,9,105,454,13,2,2,700,3,3,1,1,2,12,3,3,7,1,1,1,1,2,1
2,14,82,455,8,2,4,990,1,3,1,1,2,12,3,3,11,2,1,1,1,2,1
2,10,111,456,22,1,2,1000,0,1,1,1,2,0,2,3,6,1,0,1,1,2,1
2,7,30,49,12,2,4,1090,1,2,1,1,2,12,3,3,6,1,1,1,1,2,1
2,8,80,457,108,1,2,1400,0,2,2,2,2,0,4,2,34,2,0,1,1,2,1
2,6,75,458,15,2,2,888,1,4,1,1,2,6,3,3,24,1,0,1,1,1,1
2,5,16,459,29,1,2,2000,0,1,1,1,2,0,2,3,6,1,0,1,1,2,1
2,1,1,460,28,2,2,1050,3,2,1,1,2,12,3,3,6,1,0,1,1,2,1
2,2,22,74,14,2,2,1200,1,1,1,1,2,24,2,1,8,1,0,1,1,2,1
2,7,54,461,40,1,2,1400,0,1,1,1,2,0,2,3,7,1,0,1,1,2,1
2,14,71,462,42,1,2,1000,0,1,1,1,2,0,2,3,6,1,0,1,1,2,1
2,1,1,463,85,1,2,2100,0,3,1,1,2,0,2,3,6,1,0,1,1,2,1
2,3,20,342,60,1,2,950,0,1,1,1,2,0,2,3,6,1,0,1,1,2,1
2,2,76,464,18,2,2,1290,3,3,1,1,2,12,3,3,6,1,0,1,1,2,1
2,12,34,465,70,1,2,800,1,1,1,1,2,12,2,3,6,1,0,1,1,2,1
2,11,72,466,110,1,2,900,0,2,2,1,2,0,2,1,12,2,0,1,1,2,1
2,11,112,467,80,1,2,1000,0,2,1,1,2,0,2,3,17,2,0,1,1,2,1
2,7,13,395,25,1,2,1000,0,1,1,1,2,0,2,2,6,1,0,1,1,2,1
2,14,113,468,50,1,2,1000,0,2,1,1,2,0,2,-2,5,1,0,0,0,2,1
2,15,53,469,67,1,2,1100,0,2,1,1,2,0,2,-2,5,1,0,0,0,2,1
2,2,27,470,15,1,2,1200,0,1,1,0,2,0,2,3,5,1,0,1,1,2,1
2,2,76,464,15,2,2,1130,3,2,1,1,2,12,3,3,6,1,0,1,1,2,1
2,5,40,186,40,1,2,2000,0,1,1,1,2,0,2,1,6,1,0,1,1,2,1
2,2,76,464,15,2,2,1060,3,3,1,1,2,12,3,3,6,1,0,1,1,2,1
2,3,3,471,48,1,2,600,1,1,2,1,2,36,2,2,4,2,0,1,1,2,1
2,13,53,168,90,1,2,1000,2,3,1,1,2,12,2,3,33,1,0,1,1,2,1
2,2,22,472,13,1,1,600,0,1,0,0,2,0,2,3,7,1,0,1,1,2,1
2,2,76,464,16,2,2,1220,3,2,1,1,2,12,3,3,6,1,0,1,1,2,1
2,7,30,473,11,2,2,1490,1,3,1,1,2,12,3,3,22,1,0,1,1,2,0
2,2,32,401,15,2,2,900,3,3,1,1,2,12,2,3,7,1,2,1,1,2,1
2,13,89,474,10,2,3,930,1,3,1,1,2,12,3,3,28,2,0,1,1,2,0
2,4,25,475,21,2,2,1050,3,3,1,2,2,4,3,3,5,1,0,1,1,2,0
2,11,94,476,107,1,2,1000,0,3,2,1,2,0,2,-2,8,2,0,1,1,2,1
2,2,2,477,18,2,0,1250,1,3,1,1,2,24,3,3,16,2,0,1,1,2,1
2,7,10,368,32,1,2,1500,0,1,1,1,2,0,2,2,6,1,0,1,1,2,1
2,6,64,478,13,2,2,1030,1,3,1,1,2,12,3,3,8,2,2,1,1,2,0
2,7,10,107,30,1,2,1400,0,1,1,1,2,0,2,3,6,1,0,1,1,2,1
2,4,55,103,15,2,2,1200,3,2,1,1,2,10,3,3,2,1,1,1,1,2,1
2,17,84,479,64,1,2,1300,2,1,1,1,2,36,2,1,18,2,0,1,1,2,1
2,10,111,480,50,1,3,1200,0,1,1,1,2,0,2,3,6,1,0,1,1,2,1
2,5,8,481,30,1,2,1100,0,1,0,0,2,0,2,2,5,1,0,1,1,2,1
2,3,20,482,62,1,2,800,0,2,1,1,2,0,2,3,4,1,0,0,0,2,0
2,10,26,483,27,1,1,900,1,1,1,1,2,12,2,2,6,1,0,1,1,2,1
2,8,37,484,12,2,2,990,1,3,1,1,2,3,3,3,18,2,0,1,1,2,0
2,7,54,485,28,1,5,1200,0,1,0,0,2,0,2,3,5,1,0,1,1,2,1
2,10,104,486,45,1,2,1000,1,1,1,1,2,12,2,3,5,1,0,1,1,2,1
2,2,27,487,29,1,1,1300,0,1,1,0,2,0,2,2,5,1,0,1,1,2,1
2,11,88,488,90,1,2,1000,0,3,1,1,2,0,2,3,8,2,0,1,1,2,1
2,4,114,489,27,1,2,900,1,1,1,1,2,12,2,3,6,1,0,1,1,2,1
2,5,77,490,20,1,2,1500,0,2,0,1,2,0,2,1,3,1,0,1,1,2,1
2,5,8,432,36,1,2,2000,1,1,1,1,2,12,2,-2,6,1,0,1,1,2,1
2,5,40,60,23,2,6,1600,3,3,1,2,2,12,3,3,33,2,0,1,1,1,1
2,11,94,491,80,1,2,900,0,1,1,1,2,0,2,2,15,2,0,1,1,2,1
2,6,63,492,8,2,1,1030,1,4,1,2,2,12,3,3,16,2,0,1,1,2,0
2,7,47,493,35,1,2,1400,1,1,1,1,2,24,2,3,7,1,0,1,1,2,1
2,7,30,131,26,1,2,900,0,1,0,0,2,0,2,2,5,1,0,1,1,2,1
2,14,113,494,73,1,2,1000,0,1,1,1,2,0,2,3,25,1,0,0,0,0,0
2,2,22,495,15,2,2,1180,1,2,1,1,2,12,3,3,6,1,0,1,1,2,0
2,6,7,496,15,2,2,960,3,2,1,1,2,12,3,3,11,1,2,1,1,2,1
2,6,75,497,12,2,4,1000,1,3,1,1,2,6,3,3,6,0,0,0,0,0,0
2,4,25,498,15,2,2,1100,3,1,1,1,2,10,3,3,6,1,1,1,1,2,1
2,4,67,499,12,2,2,1160,1,3,1,1,2,12,3,3,26,0,2,0,0,0,0
2,8,80,500,130,1,2,1500,0,3,1,2,2,0,2,1,30,2,0,1,1,2,1
2,4,67,499,10,2,2,1030,1,3,1,1,2,12,3,3,26,0,2,0,0,0,0
2,3,3,501,45,1,2,900,0,1,1,1,2,0,2,3,3,2,0,1,1,2,1
2,13,89,502,9,2,2,990,1,4,1,1,2,12,3,3,6,1,0,1,1,2,0
2,2,65,503,30,1,4,1300,0,1,1,1,2,0,2,2,6,1,0,1,1,2,1
2,5,40,60,68,1,2,2000,1,1,1,1,2,36,3,3,33,2,0,1,1,2,1
2,10,46,137,30,1,2,1000,0,1,1,1,2,24,2,2,6,1,0,1,1,2,1
2,2,22,504,26,1,4,700,0,1,1,1,2,0,2,2,5,1,0,1,1,2,1
2,2,22,101,11,1,2,800,0,1,0,0,2,0,2,2,6,1,0,1,1,2,1
2,11,62,505,67,1,2,800,0,2,1,1,2,0,2,3,4,1,0,0,0,2,1
2,7,29,40,29,1,3,1300,0,1,1,1,2,0,2,3,7,1,0,1,1,2,1
2,10,115,506,20,2,2,850,1,5,1,1,2,11,3,3,6,1,0,1,1,2,1
2,13,53,507,60,1,2,800,0,2,1,1,2,0,2,2,6,1,0,0,0,2,1
2,8,57,508,63,1,2,1500,0,2,1,1,2,0,2,1,6,1,0,1,1,2,1
2,2,42,509,36,1,2,1100,0,1,1,1,2,0,2,3,7,1,0,1,1,2,1
2,8,60,510,65,1,2,1500,0,1,1,1,2,0,2,2,22,2,0,1,1,2,1
2,3,20,511,71,1,2,900,0,2,1,1,2,0,2,3,6,1,0,0,1,2,1
2,1,1,463,52,1,2,2000,1,1,1,1,2,24,2,1,6,1,0,1,1,2,1
2,11,88,512,102,1,2,800,0,2,2,1,2,0,2,2,24,2,0,1,1,2,1
2,2,2,2,22,2,2,1300,3,4,1,1,2,12,3,3,30,2,0,1,1,2,0
2,1,1,384,90,1,2,2200,1,2,1,1,2,24,2,1,30,2,0,1,1,2,1
2,6,64,513,7,2,4,890,1,4,1,1,2,12,3,3,18,0,2,0,0,0,0
2,5,6,514,15,1,3,1000,0,1,0,0,2,0,2,3,2,1,0,0,0,2,1
2,8,98,515,91,1,2,800,0,3,2,1,2,0,2,3,18,2,0,1,1,2,1
2,10,46,516,39,1,2,1200,0,1,1,1,2,0,2,2,5,1,0,1,1,2,1
2,6,64,517,15,2,4,930,1,3,1,1,2,12,3,3,8,2,0,1,1,2,0
2,6,64,517,6,2,4,830,1,4,1,1,2,12,3,3,8,1,0,1,1,2,0
2,6,64,517,8,2,4,890,1,4,1,1,2,12,3,3,8,1,0,1,1,2,0
2,6,64,517,13,2,2,960,1,4,1,1,2,12,3,3,8,0,0,0,0,0,0
2,6,64,185,103,1,2,1000,0,3,1,2,2,0,2,2,24,2,0,1,1,2,1
2,2,27,518,15,1,2,1000,0,1,1,1,2,0,2,2,5,1,0,1,1,2,1
2,13,50,519,84,1,2,1000,0,2,1,1,2,0,2,1,28,1,0,0,0,0,0
2,5,16,181,30,1,4,1700,0,1,1,1,2,0,2,2,7,1,0,1,1,2,1
2,6,64,517,13,2,2,930,1,4,1,1,2,12,3,3,8,2,0,1,1,2,0
2,7,30,520,12,2,4,1080,3,3,1,1,2,12,3,3,20,2,0,1,1,2,0
2,4,67,521,14,2,2,1190,1,3,1,1,2,12,3,3,6,0,2,0,0,0,0
2,5,8,522,35,1,8,1800,0,1,1,1,2,0,2,3,6,1,0,0,0,2,1
2,5,16,523,41,1,2,2100,1,1,1,1,2,12,2,3,6,1,0,1,1,2,1
2,2,42,70,31,1,2,1300,0,1,1,1,2,0,2,3,6,1,0,1,1,2,1
2,2,22,524,33,1,2,1300,0,1,1,1,2,0,2,3,6,1,0,1,1,2,1
2,2,5,402,15,2,2,700,3,3,1,1,2,12,3,3,8,2,0,1,1,2,1
2,4,70,525,15,2,2,1000,3,3,1,1,2,12,3,3,9,1,1,1,1,2,1
2,4,25,526,15,2,2,1080,3,3,1,1,2,10,3,3,6,1,1,1,1,2,1
2,5,40,527,16,1,2,1100,0,1,0,0,2,0,2,3,4,1,0,1,1,2,1
2,7,11,391,40,1,2,1400,0,1,1,1,2,0,2,3,6,1,0,1,1,2,1
2,16,66,528,49,1,2,800,0,2,1,1,2,0,2,2,3,1,0,0,0,2,1
2,8,39,529,56,1,2,1500,0,2,1,1,2,0,2,3,6,1,0,1,1,2,1
2,1,36,530,25,2,2,1020,1,3,1,2,1,12,3,3,29,2,0,1,1,2,1
2,2,38,198,12,2,2,601,3,4,1,1,2,12,3,3,6,1,0,1,1,2,1
2,6,76,531,10,2,4,900,1,4,1,2,2,36,3,3,6,1,2,1,1,2,1
2,8,60,532,100,1,2,1000,1,2,1,1,2,12,2,3,26,1,0,1,1,2,1
2,2,22,533,28,1,2,1300,0,1,1,1,2,0,4,1,7,1,0,1,1,2,1
2,17,84,534,93,1,2,1300,0,2,2,1,2,0,2,3,6,2,0,1,1,2,1
2,7,47,81,26,1,6,1500,0,2,0,0,1,0,2,1,6,1,0,1,1,2,1
2,2,2,535,10,2,2,800,3,5,1,2,2,12,3,3,20,2,0,1,2,2,0
2,4,114,536,9,2,4,1160,1,3,1,1,2,12,3,3,24,2,0,1,1,2,0
2,8,39,537,40,1,2,1150,0,1,1,1,2,0,2,3,6,1,0,1,1,2,1
2,7,96,538,33,1,2,1500,0,1,1,1,2,0,2,2,6,1,0,0,0,2,1
2,3,109,539,59,1,2,800,0,1,1,1,2,0,2,3,19,1,0,1,1,2,1
2,4,114,536,12,2,4,1230,1,4,1,2,2,12,3,3,27,2,0,1,1,2,0
2,11,103,540,86,1,2,600,0,2,1,1,2,0,2,1,8,1,0,1,1,2,1
2,3,20,541,91,1,2,1000,0,2,2,1,2,0,2,3,18,2,0,1,1,2,1
2,11,112,542,67,1,2,1000,0,1,1,1,2,0,2,3,6,1,0,1,1,2,1
2,4,70,543,12,2,1,1090,1,3,1,1,2,12,3,3,6,1,0,1,1,2,0
2,4,70,543,13,2,4,1130,1,3,1,1,2,12,3,3,6,0,0,0,0,0,0
2,5,8,190,37,1,8,2000,1,1,1,1,2,12,2,2,7,1,0,1,1,2,1
2,5,16,544,29,1,2,2000,0,1,0,1,2,0,2,2,6,1,0,1,1,2,1
2,10,46,545,44,1,2,1200,0,1,1,1,2,0,2,3,7,1,0,1,1,2,1
2,4,70,543,14,2,4,1160,1,3,1,1,2,12,3,3,5,0,0,0,0,0,0
2,4,70,543,12,2,2,1030,1,4,1,1,2,12,3,3,6,1,0,1,1,2,0
2,7,13,419,26,1,2,900,0,1,1,1,2,0,2,3,6,1,0,0,1,2,1
2,2,22,546,12,1,2,600,0,1,0,0,2,0,2,3,4,1,0,1,1,2,1
2,5,40,547,14,1,1,1100,0,1,0,0,2,0,2,-2,4,1,0,1,1,2,1
2,4,70,543,10,2,4,1190,1,3,1,1,2,12,3,3,6,0,0,0,0,0,0
2,4,70,543,12,2,4,1160,1,3,1,1,2,12,3,3,6,0,0,0,0,0,0
2,12,81,396,83,1,2,600,1,2,1,1,2,12,2,1,25,1,0,0,0,2,1
2,4,9,23,44,1,2,1100,0,1,1,1,2,0,2,3,6,1,0,1,1,2,1
2,3,20,199,69,1,2,900,0,2,1,1,2,0,2,3,6,1,0,1,1,2,1
2,4,70,543,8,2,1,990,1,3,1,1,2,12,3,3,24,2,0,1,1,2,0
2,4,70,543,10,2,2,1090,1,3,1,1,2,12,3,3,6,0,0,0,0,0,0
2,2,22,101,55,2,2,1300,1,2,1,1,2,12,2,1,6,1,0,1,1,2,1
2,5,40,548,12,1,2,900,0,1,0,1,2,0,2,3,2,1,0,0,0,0,0
2,7,50,84,42,1,2,1500,0,1,1,1,2,0,2,3,6,1,0,1,1,2,1
2,13,52,412,11,2,2,960,1,3,1,1,2,12,3,3,26,2,0,1,1,2,0
2,13,52,412,11,2,2,890,1,3,1,1,2,12,3,3,26,2,0,1,1,2,0
2,5,16,388,18,1,2,1300,0,1,0,0,2,36,2,2,5,1,0,1,1,2,1
2,13,97,323,80,1,2,600,0,2,1,1,2,0,2,1,33,1,0,1,1,2,1
2,7,96,549,30,1,2,1200,0,1,1,1,2,0,2,2,6,1,0,1,1,2,1
2,2,65,550,32,1,3,1300,0,1,1,1,2,0,2,3,13,2,0,1,1,2,1
2,13,52,412,11,2,2,960,1,3,1,1,2,12,3,3,26,2,0,1,1,2,0
2,5,8,551,35,1,2,1500,1,1,0,1,2,12,2,3,7,1,0,1,1,2,1
2,13,52,412,8,2,4,830,1,4,1,2,2,12,3,3,26,2,0,1,1,2,0
2,12,81,552,74,1,2,550,1,1,1,1,2,36,2,2,20,2,0,1,1,2,1
2,1,1,127,70,1,2,2340,1,1,1,1,2,3,3,3,2,0,0,0,0,0,0
2,5,16,544,30,1,2,1900,0,1,1,1,2,0,2,2,6,1,0,1,1,2,1
2,6,76,531,15,2,2,750,3,5,1,1,2,12,3,3,6,1,1,1,1,2,1
2,7,13,553,32,1,2,1500,0,1,1,1,2,0,2,2,6,1,0,1,1,2,1
2,8,80,554,130,1,2,800,0,3,2,1,2,0,2,1,6,1,0,1,1,2,1
2,5,40,555,15,1,2,1000,1,1,0,0,2,24,2,2,3,1,0,1,1,2,1
2,8,98,556,144,1,2,1500,0,4,2,2,2,0,2,1,15,2,0,1,1,2,1
2,14,73,557,83,1,2,700,0,2,1,1,2,0,2,3,27,1,0,0,0,2,1
2,13,52,182,30,2,2,1000,3,4,1,2,2,12,3,3,34,2,1,1,1,2,1
2,3,3,558,61,1,2,1000,0,2,1,1,2,0,4,3,4,2,0,1,1,2,1
2,12,34,559,32,1,2,1100,0,1,1,1,2,0,2,-2,6,1,0,1,1,2,1
2,7,11,560,57,2,2,1400,1,2,1,1,2,0,2,2,5,1,0,1,1,2,1
2,7,96,561,25,1,2,950,0,1,0,0,2,0,2,3,4,1,0,0,0,2,1
2,7,11,562,45,1,2,1500,0,1,1,1,2,0,2,3,6,1,0,1,1,2,1
2,7,13,265,42,1,4,1500,0,1,1,1,2,0,2,2,7,1,0,1,1,2,1
2,7,47,376,14,1,4,1200,0,1,1,1,2,0,2,3,6,1,0,1,1,2,1
2,4,70,563,16,2,2,1050,3,4,1,1,2,12,3,3,6,1,1,1,1,2,1
2,7,29,450,27,1,2,1300,0,1,1,1,2,0,2,2,6,1,0,1,1,2,1
2,9,19,27,15,2,2,1050,3,3,1,1,2,3,3,3,13,2,1,1,1,2,1
2,2,22,564,40,1,2,1300,0,1,1,1,2,0,4,1,8,1,0,1,1,2,1
2,7,11,389,29,1,2,1200,1,1,1,1,2,12,2,3,6,1,0,1,1,2,1
2,8,60,248,51,1,4,1350,0,1,1,1,2,0,2,2,34,2,0,1,1,2,1
2,2,22,565,12,2,2,800,3,4,1,1,2,12,3,3,6,1,0,1,1,2,0
2,2,65,397,13,2,2,1000,3,2,1,1,2,12,3,3,6,1,1,1,1,2,1
2,6,64,566,6,2,4,790,1,4,1,1,2,12,3,3,8,2,0,1,1,2,0
2,6,64,566,12,2,2,1030,1,4,1,1,2,12,3,3,8,2,0,1,1,2,0
2,14,58,115,59,1,2,1000,0,1,1,1,2,0,2,2,29,2,0,1,1,2,1
2,6,64,566,13,2,2,990,1,4,1,1,2,12,3,3,8,2,0,1,1,2,0
2,8,60,121,40,1,2,1400,0,1,1,1,2,0,2,3,6,1,0,1,1,2,1
2,6,64,566,13,2,2,990,1,4,1,1,2,12,3,3,8,2,0,1,1,2,0
2,10,111,567,41,1,1,950,0,1,1,1,2,0,2,3,6,1,0,1,1,2,1
2,10,46,137,30,1,2,1100,0,1,1,1,2,0,2,3,6,1,0,1,1,2,1
2,9,31,568,19,1,4,900,0,1,0,0,2,0,2,2,5,1,0,1,1,2,1
2,13,89,569,110,1,2,1000,1,3,1,2,2,36,2,2,11,1,0,1,1,2,1
2,1,36,570,57,1,4,1500,0,1,1,1,2,0,2,1,14,1,0,2,2,1,1
2,6,64,566,6,2,4,790,1,4,1,1,2,12,3,3,8,2,0,1,1,2,0
2,2,42,571,25,1,2,1300,0,1,1,1,2,0,2,3,5,1,0,1,1,2,1
2,6,64,566,12,2,2,1030,1,4,1,1,2,12,3,3,8,2,0,1,1,2,0
2,5,8,551,23,1,1,1000,0,1,0,0,1,0,2,3,6,1,0,1,1,2,1
2,6,64,566,8,2,4,890,1,4,1,1,2,12,3,3,8,2,0,1,1,2,0
2,8,60,248,54,1,2,1000,0,1,1,1,2,0,2,3,22,2,0,1,1,2,1
2,13,53,572,83,1,1,1000,2,2,1,1,2,0,2,3,20,1,0,0,0,2,1
2,6,79,220,39,1,2,1000,0,1,1,1,2,0,2,2,6,1,0,1,1,2,1
2,8,60,248,50,1,3,1200,0,1,1,1,2,0,2,2,34,2,0,1,1,2,1
2,6,64,242,120,1,2,1000,0,3,2,2,2,0,2,3,10,2,0,1,1,2,1
2,6,64,566,14,2,2,960,1,3,1,1,2,12,3,3,8,2,0,1,1,2,0
2,3,20,276,56,1,2,1000,0,2,1,1,2,0,2,2,6,1,0,1,1,2,1
2,6,64,566,8,2,4,890,1,4,1,1,2,12,3,3,8,2,0,1,1,2,0
2,2,38,573,36,1,4,1200,0,1,0,0,2,0,2,3,6,1,0,1,1,2,1
2,12,48,574,8,2,4,890,1,3,1,2,2,12,3,3,18,2,2,1,1,2,0
2,2,22,504,12,1,2,750,0,1,0,0,2,0,2,3,5,1,0,1,1,2,1
2,12,48,574,10,2,2,960,1,4,1,1,2,12,3,3,18,0,2,0,0,0,0
2,11,72,466,102,1,2,1000,0,2,2,1,2,0,2,2,6,1,0,0,0,2,1
2,12,48,574,14,2,2,1060,1,3,1,1,2,12,3,3,21,0,2,0,0,0,0
2,6,79,575,37,1,2,1000,0,1,1,1,2,0,2,3,5,1,0,0,0,2,1
2,12,48,574,19,2,2,1060,1,3,1,1,2,12,3,3,18,0,2,0,0,0,0
2,12,48,574,20,2,2,1060,1,3,1,1,2,12,3,3,23,0,2,0,0,0,0
2,2,22,576,30,1,3,1300,0,1,1,1,2,0,2,3,8,1,0,1,1,2,1
2,7,11,391,54,1,2,1500,1,2,1,1,2,0,2,2,6,1,0,1,1,2,1
2,14,113,577,120,1,2,1000,1,3,1,1,2,12,2,2,22,1,0,0,0,2,1
2,12,48,574,19,2,2,1060,1,3,1,1,2,12,3,3,18,0,2,0,0,0,0
2,12,48,574,17,2,2,1090,1,3,1,1,2,12,3,3,23,0,2,0,0,0,0
2,17,84,578,113,1,2,1400,0,3,2,1,2,0,2,3,7,1,0,1,1,2,1
2,7,30,579,60,1,2,1400,1,2,1,1,2,12,2,2,5,1,0,0,1,2,1
2,7,21,29,33,1,2,1400,0,1,1,1,2,0,2,1,6,1,0,1,1,2,1
2,4,9,11,15,2,2,1230,1,2,1,1,2,12,3,3,6,1,1,1,1,2,1
2,9,106,580,10,2,6,900,1,4,1,1,2,12,3,3,30,2,0,1,1,2,1
2,10,104,581,26,1,2,1200,2,2,0,0,2,12,2,3,5,1,0,0,0,2,1
2,11,103,582,80,1,2,900,0,2,1,1,2,0,2,2,17,2,0,1,1,2,1
2,10,46,137,30,1,2,1100,0,1,1,1,2,0,4,2,6,1,0,1,1,2,1
2,7,10,425,9,2,4,1360,1,3,1,1,2,12,3,3,6,1,2,1,1,2,1
2,6,7,106,9,2,4,1030,1,3,1,1,2,12,3,3,6,0,0,0,0,0,0
2,1,1,583,58,1,2,1800,0,1,1,1,2,0,2,1,6,1,0,1,1,2,1
2,3,20,276,42,1,2,900,1,1,1,1,2,36,2,3,6,1,0,1,1,2,1
2,7,54,584,18,1,1,1200,0,1,0,0,2,0,2,3,5,1,0,1,1,2,1
2,7,30,520,15,2,4,1180,3,3,1,1,2,12,3,3,36,2,2,1,1,2,1
2,7,30,520,7,2,3,1160,1,3,1,1,2,12,3,3,20,0,0,0,0,0,0
2,17,84,404,92,1,2,800,0,2,2,1,2,0,2,1,6,1,0,1,1,2,1
2,17,84,585,113,1,2,1100,2,3,2,1,2,12,2,3,6,1,0,1,1,2,1
2,1,1,127,60,1,2,2200,1,1,1,1,2,24,2,1,12,2,0,1,1,2,1
2,7,30,520,15,2,4,1380,3,3,1,1,2,12,3,3,36,2,2,1,1,2,1
2,7,30,520,15,2,2,1490,1,3,1,1,2,12,3,3,20,0,0,0,0,0,0
2,8,33,586,40,1,2,1400,1,1,1,1,2,12,2,2,6,1,0,1,1,2,1
2,13,53,587,115,1,2,500,4,3,2,2,2,36,2,3,8,2,0,1,1,2,1
2,5,8,44,25,2,2,1500,1,1,0,1,2,12,2,3,6,1,0,1,1,2,1
2,5,8,588,52,1,2,2100,0,1,1,1,2,0,2,3,20,2,0,1,1,2,1
2,2,63,589,93,1,2,4600,0,2,1,1,2,0,2,2,24,2,0,1,1,2,1
2,2,63,589,132,1,2,6800,0,3,2,2,2,0,2,3,10,2,0,1,1,2,1
2,2,63,589,92,1,2,4500,0,2,1,1,2,0,2,1,18,2,0,1,1,2,1
2,12,34,253,86,1,2,2000,0,2,1,1,2,0,2,1,16,2,0,1,1,2,1
2,4,70,590,8,2,3,990,1,3,1,1,2,12,3,3,26,2,2,1,1,2,0
2,4,70,590,13,2,2,1230,1,3,1,1,2,12,3,3,26,2,2,1,1,2,0
2,4,70,590,12,2,2,1160,1,3,1,1,2,12,3,3,33,2,2,1,1,2,0
2,12,34,253,97,1,2,3200,1,2,2,1,1,36,2,3,11,2,0,1,1,2,1
2,1,69,591,92,1,2,2400,0,3,2,1,2,0,2,2,6,1,0,1,1,2,1
2,11,112,592,93,1,2,1600,0,2,1,1,1,0,2,1,14,1,0,1,1,2,1
2,1,41,593,160,1,2,5000,1,3,2,2,2,24,2,2,6,1,0,1,1,2,1
2,2,116,594,8,2,4,1360,1,4,1,2,2,12,3,3,23,0,0,0,0,0,0
2,4,9,595,12,2,4,1330,1,2,1,1,2,12,3,3,8,1,1,1,1,2,1
2,14,73,596,13,2,2,1290,1,4,1,2,2,12,3,3,18,0,0,0,0,0,0
2,11,88,358,102,1,2,1300,0,2,1,1,2,0,2,1,18,2,0,1,1,2,1
2,1,41,597,160,1,2,8000,1,2,1,2,2,12,2,1,30,2,0,1,1,2,1
2,1,1,598,91,1,2,3000,0,1,1,1,2,0,2,1,17,2,0,1,1,2,1
2,4,9,599,120,1,2,2600,0,3,2,1,2,0,2,3,6,1,0,1,1,2,1
2,4,70,590,12,2,2,1130,1,3,1,1,2,12,3,3,33,2,2,1,1,2,0
2,7,14,600,14,2,2,1730,1,2,1,1,2,12,3,3,11,0,0,0,0,0,0
2,2,116,601,16,2,2,720,1,4,1,1,2,12,3,3,7,1,2,1,1,2,1
2,7,30,602,120,1,2,4100,0,3,2,2,2,0,2,1,25,2,0,1,1,2,1
2,11,103,603,110,1,2,1300,0,3,2,1,2,0,2,2,7,1,0,1,1,2,1
2,6,79,604,75,1,2,1400,0,2,1,1,2,0,2,2,6,1,0,1,1,2,1
2,2,63,605,147,1,2,8500,1,3,2,1,2,36,2,2,43,2,0,1,1,2,1
2,2,22,606,14,2,2,1490,1,5,1,2,2,12,3,3,10,2,2,1,1,2,0
2,7,96,607,11,2,2,1390,1,3,1,1,2,12,3,3,7,2,1,1,1,2,1
2,8,37,608,126,1,2,3100,0,3,2,1,2,0,2,3,31,2,0,1,1,2,1
2,2,63,605,128,1,2,6000,0,2,1,2,0,0,2,3,42,2,0,1,1,2,1
2,2,63,605,88,1,2,5200,0,2,1,1,2,0,2,1,43,2,0,1,1,2,1
2,7,35,50,35,1,2,1500,0,1,1,1,2,0,2,2,8,1,0,1,1,2,1
2,4,70,590,9,2,4,960,1,3,1,1,2,12,3,3,26,0,2,0,0,0,0
2,3,20,609,40,1,2,850,0,1,1,1,2,0,2,-2,3,1,0,1,1,2,1
2,4,70,590,11,2,2,1160,1,3,1,1,2,12,3,3,33,2,2,1,1,2,0
2,4,114,610,22,1,2,1000,0,1,1,1,2,0,2,3,7,1,0,1,1,2,1
2,7,47,86,39,1,2,1500,0,1,1,1,2,0,2,1,6,1,0,1,1,2,1
2,8,39,611,55,1,2,1200,1,2,1,1,2,12,2,3,5,1,0,2,1,2,1
2,8,39,612,36,1,6,1200,1,1,1,1,2,12,2,2,6,1,0,1,1,2,1
2,5,16,613,23,1,2,1900,0,1,0,0,2,0,2,3,4,1,0,1,1,2,1
2,4,70,590,8,2,4,990,1,3,1,1,2,12,3,3,26,0,2,0,0,0,0
2,8,80,500,104,1,2,1450,1,2,1,1,2,12,2,2,30,2,0,1,1,2,1
2,4,70,590,12,2,2,1230,1,3,1,1,2,12,3,3,26,0,2,0,0,0,0
2,16,66,614,105,1,2,900,0,3,2,1,2,0,2,-2,6,1,0,1,1,2,1
2,4,70,590,8,2,3,990,1,3,1,1,2,12,3,3,26,2,2,1,1,2,0
2,10,111,615,35,1,2,1200,0,1,1,1,2,0,2,3,6,1,0,1,1,2,1
2,2,63,616,35,1,2,1000,0,1,0,0,2,0,2,3,5,1,0,1,1,2,1
2,1,69,317,87,1,2,2000,1,2,2,1,2,24,2,3,30,1,0,0,0,0,0
2,11,88,617,90,1,2,700,4,3,2,1,2,12,2,2,8,2,0,1,1,2,1
2,5,8,618,22,1,1,1500,0,1,0,1,2,0,2,3,6,1,0,1,1,2,1
2,4,70,590,13,2,2,1230,1,3,1,1,2,12,3,3,26,0,2,0,0,0,0
2,7,11,391,28,1,1,1300,0,1,1,1,2,0,2,3,6,1,0,1,1,2,1
2,4,70,590,8,2,3,1030,1,3,1,1,2,12,3,3,26,0,2,0,0,0,0
2,17,84,619,90,1,2,1000,2,2,1,1,2,12,2,2,18,1,0,0,0,0,0
2,6,64,344,14,2,2,1030,3,4,1,2,2,12,3,3,6,0,2,0,0,0,1
2,11,72,620,117,1,2,650,0,3,2,1,2,0,2,3,16,1,0,1,1,2,1
2,4,4,4,18,2,8,900,3,3,1,1,2,12,3,3,6,1,1,1,1,2,1
2,11,88,512,104,1,2,700,0,2,2,1,1,0,2,3,25,2,0,1,1,2,1
2,4,25,621,13,2,2,1200,1,4,1,1,2,3,3,3,6,1,0,1,1,2,1
2,3,20,622,66,1,2,500,0,2,1,1,2,0,2,-2,5,1,0,0,1,2,1
2,2,2,477,19,2,0,1250,3,3,1,1,2,24,3,3,16,2,0,1,1,2,1
2,2,5,333,23,1,2,1100,0,1,0,1,2,0,2,3,7,1,0,1,1,2,1
2,10,45,207,19,2,6,1100,3,4,1,2,2,12,3,3,48,2,0,1,1,2,1
2,7,11,389,47,1,2,1500,0,1,1,1,2,0,4,3,6,1,0,1,1,2,1
2,12,48,623,10,2,2,1090,1,2,1,1,2,12,3,3,17,0,2,0,0,0,0
2,13,52,438,96,1,2,800,0,3,1,1,2,0,2,3,8,2,0,1,1,2,1
2,7,21,331,40,1,2,1500,0,1,1,1,2,0,2,3,6,1,0,1,1,2,1
2,3,20,56,60,1,2,1000,0,2,1,1,2,0,2,-2,6,1,0,1,1,2,1
2,3,3,3,172,1,2,1000,0,4,2,3,2,0,4,-2,7,2,0,1,1,2,1
2,11,91,624,80,1,2,800,0,2,1,1,2,0,2,1,23,2,0,1,1,2,1
2,2,2,2,12,2,2,1000,3,5,1,2,2,12,2,3,36,0,0,0,0,0,0
2,14,73,557,61,1,2,700,0,1,1,1,2,0,2,2,18,1,0,0,0,2,1
2,2,42,332,22,2,2,1000,3,2,1,1,2,12,3,3,6,1,1,1,1,2,1
2,4,67,625,76,1,1,1200,0,2,1,1,2,0,2,3,6,1,0,1,1,2,1
2,2,65,626,6,2,2,1290,1,2,1,1,2,12,3,3,6,0,0,0,0,0,0
2,2,22,271,74,1,2,1100,0,1,0,0,2,0,2,3,5,1,0,1,1,2,1
2,17,84,627,97,1,2,1400,0,3,1,1,2,0,2,2,11,2,0,1,1,2,1
2,5,6,628,20,1,4,1600,0,1,0,0,2,0,2,3,2,1,0,0,0,0,0
2,2,63,337,36,1,2,1300,0,1,1,1,2,0,2,3,7,1,0,0,0,2,1
2,7,10,61,35,1,2,1500,1,1,1,1,2,24,2,2,6,1,0,1,1,2,1
2,6,64,185,12,2,2,730,1,3,1,1,2,12,3,3,18,1,2,0,0,2,1
2,5,40,629,22,1,2,1500,0,1,1,0,2,0,2,1,2,1,0,0,0,2,1
2,10,45,630,18,2,2,1200,3,2,1,1,2,12,3,3,6,1,0,0,0,2,0
2,10,111,631,41,1,2,1200,1,1,1,1,2,12,2,3,6,1,0,1,1,2,1
2,4,17,632,18,2,2,1170,1,4,1,1,2,12,3,3,6,1,0,1,1,2,1
2,7,47,633,16,1,2,1000,1,1,0,0,2,12,2,3,6,1,0,1,1,2,1
2,6,87,634,12,2,2,890,1,4,1,1,2,12,3,3,28,0,2,0,0,0,0
2,8,37,635,50,1,2,1500,0,1,1,1,2,0,2,1,18,2,0,1,1,2,1
2,6,87,634,10,2,2,890,1,3,1,1,2,12,3,3,22,0,2,0,0,0,0
2,16,66,636,49,1,2,700,2,2,1,1,2,12,2,1,1,1,0,0,0,0,0
2,12,117,637,8,2,4,1090,1,4,1,2,2,12,3,3,13,2,2,1,1,2,0
2,2,22,638,14,1,2,900,0,1,0,1,1,0,2,3,6,1,0,1,1,2,1
2,12,117,637,8,2,2,1130,1,3,1,1,2,12,3,3,11,0,2,0,0,0,0
2,7,35,639,32,1,2,1500,1,1,1,1,2,12,2,3,6,1,0,1,1,2,1
2,7,30,640,14,2,2,1230,1,4,1,1,2,12,3,3,28,0,0,0,0,0,0
2,14,107,409,60,1,2,700,1,1,1,1,2,24,2,3,29,1,0,0,0,2,1
2,2,27,641,39,1,2,1400,0,1,1,1,2,0,2,3,6,1,0,1,1,2,1
2,5,8,642,28,1,3,1600,1,1,1,1,2,12,2,3,6,1,0,1,1,2,1
2,8,33,643,56,1,2,1500,0,2,1,1,2,0,2,2,6,1,0,1,1,2,1
2,7,10,644,22,1,2,1300,1,1,1,1,2,24,2,3,6,1,0,1,1,2,1
2,7,30,640,25,2,2,1380,3,4,1,1,2,12,3,3,22,2,0,1,1,2,1
2,5,8,407,33,1,2,1900,0,1,1,1,2,0,2,3,6,1,0,1,1,2,1
2,7,30,640,20,2,2,1480,3,4,1,1,2,12,3,3,24,2,0,1,1,2,0
2,16,66,645,55,1,2,700,2,2,1,1,2,12,2,3,3,1,0,1,1,2,1
2,7,30,640,14,2,2,1230,1,4,1,1,2,12,3,3,32,0,0,0,0,0,0
2,11,88,646,106,1,2,700,0,2,2,2,2,0,2,2,11,2,0,1,1,2,1
2,8,37,647,124,1,2,1500,0,3,1,2,2,0,2,3,28,2,0,1,1,2,1
2,5,8,648,32,1,2,2100,1,1,1,1,2,12,2,2,6,1,0,1,1,2,1
2,7,35,318,45,1,2,1500,1,2,1,1,2,12,2,3,4,2,0,1,1,2,1
2,5,6,649,20,1,2,1200,1,2,0,0,2,12,2,1,3,1,0,1,1,2,1
2,4,4,59,15,2,2,1170,3,5,1,2,2,12,3,3,6,1,0,1,1,2,0
2,3,20,56,61,1,2,900,0,2,1,1,2,0,4,3,6,1,0,1,1,2,1
2,4,55,650,15,2,2,1200,3,2,1,1,2,10,3,3,6,1,1,1,1,2,1
2,8,12,651,43,1,2,1200,0,1,1,1,2,0,2,1,7,1,0,1,1,2,1
2,2,65,652,15,2,2,800,3,3,1,1,2,12,3,3,6,1,0,1,1,2,1
2,5,8,335,41,1,2,2100,0,1,1,1,2,0,2,3,6,1,0,1,1,2,1
2,2,22,653,16,2,2,1050,3,3,1,1,2,10,3,3,6,1,1,1,1,2,1
2,8,15,654,47,1,2,1500,1,1,1,1,2,24,4,1,46,2,0,2,2,1,1
2,6,7,655,11,2,2,650,3,4,1,1,2,1,3,3,6,1,0,1,1,2,0
2,7,13,309,36,1,1,1500,0,1,1,1,2,0,2,-2,7,1,0,1,1,2,1
2,3,118,656,12,2,4,650,3,5,0,2,2,12,3,3,18,1,1,0,0,2,1
2,4,70,657,10,2,2,1090,1,4,1,1,2,12,3,3,33,2,2,1,1,2,0
2,13,83,658,65,1,3,1000,1,1,1,1,2,24,2,3,30,1,0,0,0,2,1
2,4,70,657,10,2,2,1090,1,4,1,1,2,12,3,3,33,0,2,0,0,0,0
2,5,8,659,17,1,4,1200,0,1,0,0,2,0,2,2,4,1,0,0,0,2,1
2,4,70,657,9,2,2,1030,1,3,1,1,2,12,3,3,26,0,2,0,0,0,0
2,3,20,660,71,1,2,1000,0,2,1,1,2,0,2,-2,5,1,0,1,1,2,1
2,4,70,657,13,2,2,1190,1,4,1,2,2,12,3,3,33,0,2,0,0,0,0
2,3,20,233,58,1,2,900,0,2,1,1,2,0,2,3,5,1,0,1,1,2,1
2,7,21,661,22,1,2,1400,0,1,1,1,2,0,2,3,6,1,0,1,1,2,1
2,5,8,662,37,1,2,1800,0,1,1,1,2,0,2,3,7,1,0,1,1,2,1
2,7,13,553,38,1,6,1300,0,1,1,1,2,0,2,2,6,1,0,1,1,2,1
2,8,57,112,42,1,2,1400,0,1,1,1,2,0,2,3,5,1,0,1,1,2,1
2,4,70,657,9,2,2,1060,1,4,1,2,2,12,3,3,33,0,2,0,0,0,0
2,13,97,663,119,1,2,800,0,3,2,2,2,0,2,3,25,2,0,1,1,2,1
2,14,58,664,90,1,2,1000,1,2,1,1,2,12,2,3,24,2,0,1,1,2,1
2,7,35,50,34,1,1,1300,0,1,1,1,2,0,2,3,8,1,0,1,1,2,1
2,7,35,50,36,1,2,1400,1,1,1,1,2,36,2,3,8,1,0,1,1,2,1
2,4,51,665,48,1,2,1200,0,1,1,1,2,0,2,3,6,1,0,1,1,2,1
2,13,89,666,65,1,2,1000,0,1,1,1,2,0,2,1,15,1,0,2,2,1,1
2,8,60,667,57,1,2,1500,0,2,1,1,2,0,2,2,5,1,0,1,1,2,1
2,4,70,657,15,2,2,1200,3,3,1,1,2,12,3,3,33,1,1,1,1,2,1
2,7,10,668,35,1,2,1500,0,1,1,1,2,0,4,2,6,1,0,1,1,2,1
2,4,70,657,10,2,2,1130,1,3,1,1,2,12,3,3,30,0,2,0,0,0,0
2,12,81,669,90,1,2,900,0,2,1,1,2,0,2,1,9,2,0,1,1,2,1
2,7,10,22,38,1,2,1500,0,1,1,1,2,0,2,3,6,1,0,1,1,2,1
2,17,84,670,122,1,2,1200,0,3,1,1,2,0,2,2,6,1,0,1,1,2,1
2,4,70,657,7,2,2,990,1,3,1,1,2,12,3,3,33,0,0,0,0,0,0
2,4,70,657,10,2,2,1130,1,3,1,1,2,12,3,3,26,0,2,0,0,0,0
2,4,70,657,8,2,4,990,1,4,1,2,2,12,3,3,33,0,2,0,0,0,0
2,4,70,657,9,2,2,1030,1,4,1,2,2,12,3,3,33,2,2,1,1,2,0
2,7,10,28,24,1,2,1500,0,1,1,1,2,0,2,3,6,1,0,1,1,2,1
2,1,1,127,60,1,2,2200,0,1,1,1,2,0,2,3,12,2,0,1,1,2,1
2,3,20,233,64,1,2,1000,0,2,1,1,2,0,2,3,6,1,0,0,0,2,1
2,17,84,671,89,1,2,1300,0,2,1,1,2,0,2,3,22,2,0,1,1,2,1
2,4,70,657,9,2,2,1030,1,3,1,1,2,12,3,3,26,0,2,0,0,0,0
2,4,70,657,13,2,2,1190,1,4,1,2,2,12,3,3,33,0,2,0,0,0,0
2,4,70,657,8,2,2,1030,1,4,1,2,2,12,3,3,33,2,2,1,1,2,0
2,5,8,10,30,1,2,2000,1,1,1,1,2,0,2,3,6,1,0,0,0,2,1
2,1,69,174,108,1,2,2300,3,2,1,1,2,24,2,2,6,1,0,1,1,2,1
2,14,113,672,50,1,2,600,0,1,1,1,2,0,2,2,21,2,0,1,1,2,1
2,2,22,101,15,1,2,800,0,1,0,1,2,0,2,2,8,1,0,1,1,2,1
2,4,70,657,9,2,2,1060,1,4,1,2,2,12,3,3,33,2,2,1,1,2,0
2,4,70,657,8,2,2,1030,1,4,1,2,2,12,3,3,33,2,2,1,1,2,0
2,4,70,657,11,2,2,1190,1,3,1,1,2,12,3,3,30,0,2,0,0,0,0
2,2,65,673,15,1,2,850,0,1,1,1,2,0,4,3,6,1,0,1,1,2,1
2,7,29,40,42,1,2,1450,1,1,1,1,2,24,2,2,7,1,0,1,1,2,1
2,1,69,674,50,1,1,2000,0,1,1,1,2,0,2,3,27,2,0,2,2,2,1
2,14,107,409,60,1,2,800,0,1,1,1,2,0,2,3,29,1,0,0,0,2,1
2,4,70,657,8,2,2,1090,1,4,1,2,2,12,3,3,30,0,2,0,0,0,0
2,4,70,657,11,2,2,1160,1,3,1,1,2,12,3,3,26,0,2,0,0,0,0
2,4,70,657,8,2,2,1030,1,4,1,2,2,12,3,3,33,2,2,1,1,2,0
2,11,72,675,87,1,2,1000,0,2,1,1,2,0,2,1,15,2,0,1,1,2,1
2,8,60,215,38,1,2,1300,0,1,1,1,2,0,2,2,5,1,0,0,0,2,1
2,4,17,172,25,1,2,1500,0,1,1,1,2,0,2,1,20,2,0,1,1,1,1
2,1,99,328,75,1,2,2200,0,1,1,1,2,0,2,2,17,2,0,1,1,2,1
2,4,70,657,9,2,2,1030,1,4,1,2,2,12,3,3,33,2,2,1,1,2,0
2,4,70,657,7,2,4,930,1,3,1,1,2,12,3,3,26,0,2,0,0,0,0
2,8,15,676,98,1,2,1200,1,2,1,1,2,12,2,1,31,1,0,1,1,2,1
2,4,9,595,57,1,2,1600,0,2,1,1,2,0,4,2,8,2,0,1,1,2,1
2,8,80,677,89,1,2,800,0,2,1,1,2,0,2,3,33,1,0,0,0,0,0
2,3,20,678,43,1,2,500,0,2,1,0,2,0,4,2,5,1,0,1,1,2,1
2,11,88,679,92,1,2,700,4,2,2,1,2,0,2,1,18,1,0,1,1,2,1
2,4,51,218,33,1,2,1200,0,1,1,1,2,0,2,2,5,1,0,0,0,2,1
2,14,74,680,44,1,7,1000,0,1,1,1,2,0,2,-2,6,1,0,1,1,2,1
2,4,70,657,8,2,2,1030,1,4,1,2,2,12,3,3,33,2,2,1,1,2,0
2,4,70,657,8,2,2,1030,1,4,1,2,2,12,3,3,33,2,2,1,1,2,0
2,4,70,657,9,2,2,1060,1,4,1,2,2,12,3,3,33,2,2,1,1,2,0
2,7,10,61,65,1,1,1300,0,1,1,1,2,0,2,3,6,1,0,1,1,2,1
2,17,84,404,100,1,2,800,0,2,2,1,2,0,2,3,5,1,0,1,1,2,1
2,13,11,681,51,1,2,800,1,2,1,1,2,24,2,2,26,1,0,0,0,0,0
2,14,74,680,35,1,2,1000,0,1,1,1,2,0,2,3,5,1,0,1,1,2,1
2,4,51,682,10,2,4,1160,1,5,1,2,2,12,3,3,32,0,0,0,0,0,0
2,2,27,51,14,2,2,1000,3,4,1,1,2,6,3,3,6,1,2,1,1,2,1
2,2,5,683,23,2,2,1100,1,3,1,1,2,24,3,3,7,1,0,1,1,2,0
2,10,45,79,26,1,8,1300,0,1,1,1,2,0,2,3,8,1,0,1,1,2,1
2,3,20,622,67,1,2,400,0,2,1,1,0,0,0,3,5,1,0,1,1,2,1
2,1,36,266,93,1,2,2400,0,2,1,1,2,0,2,1,21,2,0,1,1,2,1
2,4,9,684,25,1,2,1200,0,1,1,1,2,0,2,3,6,1,0,1,1,2,1
2,4,4,4,15,2,2,950,3,4,1,1,2,6,2,3,6,1,1,1,1,2,1
2,12,48,93,10,2,2,890,1,4,1,1,2,12,3,3,18,1,2,1,1,2,0
2,12,48,93,9,2,4,790,1,5,1,2,2,12,3,3,11,1,2,1,1,2,0
2,4,51,218,33,1,2,1200,0,1,1,1,2,0,2,2,5,1,0,0,0,2,1
2,3,20,685,99,1,2,1000,0,2,2,1,2,12,2,2,8,1,0,1,1,0,0
2,5,56,148,32,1,2,1600,0,1,1,1,2,0,2,3,7,1,0,1,1,2,1
2,11,103,686,73,1,1,700,0,2,1,1,2,0,2,2,15,2,0,1,1,2,1
2,12,48,93,11,2,2,930,1,4,1,1,2,12,3,3,16,2,2,1,1,2,0
2,12,48,93,11,2,2,930,1,3,1,1,2,12,3,3,16,0,2,0,0,0,0
2,3,20,687,51,1,2,1000,0,2,1,1,2,0,2,2,3,1,0,1,1,2,1
2,3,20,511,71,1,2,900,0,2,1,1,2,0,2,3,6,2,0,1,1,2,1
2,14,73,688,62,1,2,600,0,1,1,1,2,0,2,3,22,1,0,0,0,2,1
2,12,48,93,10,2,2,890,1,4,1,1,2,12,3,3,18,1,2,1,1,2,0
2,13,119,689,138,1,2,700,0,3,2,2,2,0,2,1,7,2,0,1,1,2,1
2,3,20,276,61,1,2,1000,0,2,1,1,2,0,2,3,6,1,0,1,1,2,1
2,3,20,56,56,1,2,800,0,2,1,1,2,0,2,3,4,1,0,1,1,2,1
2,12,48,93,9,2,4,830,1,4,1,2,2,12,3,3,11,0,2,0,0,0,0
2,12,48,93,11,2,2,860,1,5,1,2,2,12,3,3,11,1,2,1,1,2,0
2,9,107,690,42,1,2,1400,0,1,1,1,2,0,2,3,6,1,0,1,1,2,1
2,3,20,678,41,1,2,900,0,2,1,1,2,0,2,3,5,1,0,1,1,2,1
2,8,33,691,60,1,2,1500,1,2,2,1,2,12,2,3,6,1,0,1,1,2,1
2,12,48,93,11,2,2,930,1,3,1,1,2,12,3,3,16,0,2,0,0,0,0
2,12,48,93,11,2,2,930,1,3,1,1,2,12,3,3,16,0,2,0,0,0,0
2,8,60,532,116,1,2,1500,0,3,1,1,2,0,2,2,28,1,0,1,1,2,1
2,1,69,692,25,1,2,2000,0,1,0,1,2,0,4,1,25,2,0,1,1,2,1
2,7,47,188,26,1,2,1300,0,1,1,1,2,0,2,3,7,1,0,1,1,2,1
2,12,48,93,11,2,2,930,1,3,1,1,2,12,3,3,18,2,2,1,1,2,0
2,12,48,93,10,2,2,890,1,4,1,1,2,12,3,3,18,1,2,1,1,2,0
2,10,46,693,58,1,2,1300,0,1,1,1,2,0,2,1,24,2,0,1,1,2,1
2,7,47,493,34,1,2,1600,0,1,1,1,2,0,2,3,7,1,0,1,1,2,1
2,8,39,433,45,1,1,1200,0,1,1,1,2,0,2,3,6,1,0,1,1,2,1
2,12,48,93,11,2,2,930,1,4,1,1,2,12,3,3,18,1,2,1,1,2,0
2,12,48,93,10,2,2,890,1,3,1,1,2,12,3,3,18,2,2,1,1,2,0
2,5,56,278,37,1,2,2100,1,1,1,1,2,12,2,3,6,1,0,1,1,2,1
2,15,53,694,80,1,2,1200,1,2,1,1,2,12,2,2,6,1,0,1,1,2,1
2,14,73,374,82,1,2,1000,0,2,1,1,1,0,2,2,23,1,0,0,0,2,1
2,12,48,93,13,2,2,930,1,4,1,1,2,12,3,3,11,0,2,0,0,0,0
2,2,42,695,16,2,2,900,3,4,1,1,2,12,3,3,7,1,2,1,1,2,1
2,3,20,696,66,1,2,700,0,2,1,1,2,0,2,3,4,1,0,1,1,2,1
2,7,13,419,18,1,2,900,0,1,0,0,2,0,2,3,6,1,0,1,1,2,1
2,10,120,697,45,1,3,1500,0,1,1,1,2,0,2,2,7,1,0,1,1,2,1
2,3,20,698,62,1,2,600,0,2,1,1,2,0,2,3,4,1,0,1,1,2,1
2,5,8,522,35,1,3,2000,0,1,1,1,2,0,2,3,6,1,0,0,0,2,1
2,14,74,699,42,1,2,1000,0,1,1,1,2,0,2,2,6,1,0,1,1,2,1
2,11,112,467,84,1,2,1000,0,2,1,1,2,0,2,3,18,2,0,1,1,2,1
2,8,39,433,60,1,2,1500,0,2,1,1,2,0,2,-2,6,1,0,1,1,2,1
2,4,70,349,16,2,2,900,3,3,1,1,2,10,3,3,5,1,1,1,1,2,1
2,4,17,340,15,2,2,790,1,4,1,1,2,12,3,3,11,2,1,1,1,2,1
2,4,70,563,8,2,1,650,3,4,1,1,2,6,3,3,5,1,0,1,1,2,1
2,7,29,241,40,2,3,1450,1,1,1,1,2,24,2,3,7,1,0,1,1,2,1
2,8,39,537,35,1,2,1050,0,1,1,1,2,0,2,3,6,1,0,1,1,2,1
2,7,10,700,26,1,4,1100,0,2,1,1,2,0,2,-2,5,1,0,1,1,2,1
2,1,69,317,86,1,2,2400,0,2,1,1,2,0,2,1,30,1,0,0,0,0,0
2,2,2,2,18,2,2,1200,3,4,1,1,1,12,2,3,30,2,2,1,1,2,1
2,2,27,701,21,2,2,1300,3,2,1,1,2,12,3,3,6,1,0,1,1,2,1
2,2,42,702,15,2,2,1000,3,2,1,1,2,12,3,3,6,1,1,1,1,2,1
2,4,55,221,20,1,7,600,0,1,0,0,2,0,2,1,6,1,0,1,1,2,1
2,7,10,368,33,1,2,1200,0,1,1,1,2,0,2,3,5,1,0,1,1,2,1
2,14,74,680,35,1,2,900,0,1,1,1,2,0,2,3,6,1,0,1,1,2,1
2,4,23,31,14,1,2,1200,0,1,0,1,2,0,2,3,6,1,0,1,1,2,1
2,12,117,703,13,2,2,1090,1,4,1,1,2,12,3,3,15,0,0,0,0,0,0
2,12,117,704,11,2,2,1130,1,4,1,2,2,12,3,3,8,0,2,0,0,0,0
2,12,117,704,10,2,2,890,1,4,1,2,2,12,3,3,8,2,2,1,1,2,0
2,7,10,705,44,1,1,1400,0,1,1,1,2,0,2,2,6,1,0,1,1,2,1
2,17,84,706,83,1,2,1300,0,3,1,1,2,0,2,1,6,1,0,1,1,2,1
2,5,6,7,15,1,2,1100,0,1,0,0,2,0,2,3,4,1,0,0,0,1,2
2,8,15,707,57,1,4,1500,0,1,0,1,2,0,2,2,25,2,0,2,2,1,1
2,6,87,708,8,2,4,860,1,3,1,1,2,12,3,3,20,2,0,1,1,2,0
2,6,87,708,8,2,2,860,1,3,1,1,2,12,3,3,22,2,0,1,1,2,0
2,2,22,546,16,1,2,900,0,1,1,1,2,0,2,3,3,1,0,1,1,2,1
2,2,22,533,14,1,6,1000,0,3,0,1,2,0,2,3,8,1,0,1,1,2,1
2,8,95,709,55,1,2,1500,0,2,1,1,2,0,2,3,6,1,0,1,1,2,1
2,13,53,710,86,1,2,800,0,2,1,1,2,0,2,3,29,1,0,0,0,0,0
2,8,95,320,39,1,1,1300,0,1,1,1,2,0,2,2,6,1,0,1,1,2,1
2,8,33,711,41,1,1,1250,0,1,1,1,2,0,4,3,6,1,0,0,0,2,1
2,4,67,625,22,1,2,1200,1,1,1,1,2,24,2,3,6,1,0,1,1,2,1
2,6,87,708,8,2,2,860,1,3,1,1,2,12,3,3,22,2,0,1,1,2,0
2,6,87,708,9,2,4,930,1,3,1,1,2,12,3,3,17,2,0,1,1,2,0
2,6,87,708,9,2,4,930,1,3,1,1,2,12,3,3,22,2,0,1,1,2,0
2,16,66,712,82,1,2,800,0,2,2,1,1,0,2,2,6,1,0,1,1,2,1
2,3,20,482,62,1,2,800,0,2,1,1,2,0,2,3,4,1,0,1,1,2,1
2,7,29,40,42,1,2,1450,0,1,1,1,2,0,2,2,8,2,0,1,1,2,1
2,3,20,276,39,1,2,900,0,1,0,1,2,0,1,3,5,1,0,1,1,2,1
2,9,19,116,19,2,7,850,3,3,1,1,2,12,3,3,20,2,1,1,1,2,1
2,7,21,173,17,2,4,950,1,2,1,1,2,11,3,3,5,2,2,1,1,2,1
2,6,7,713,17,2,2,900,3,4,1,1,2,1,3,3,14,1,2,1,1,2,1
2,2,65,550,36,1,1,1300,1,1,0,1,2,12,2,2,13,2,0,1,1,2,1
2,17,84,714,104,1,2,1300,0,3,2,1,2,0,2,3,6,1,0,1,1,2,1
2,8,95,715,69,1,2,1450,0,1,1,1,2,0,2,3,6,1,0,1,1,2,1
2,11,28,36,107,1,2,600,0,2,1,1,2,0,2,3,11,1,0,1,1,2,1
2,2,22,716,9,2,4,1230,1,2,1,1,2,12,3,3,5,1,0,1,1,2,1
2,13,52,717,10,2,2,990,1,3,1,1,2,12,3,3,24,0,0,0,0,0,0
2,7,14,718,21,2,2,1499,3,2,1,1,2,12,3,3,5,1,0,1,1,2,0
2,14,73,719,84,1,2,1000,0,2,1,1,2,0,2,3,11,2,0,1,1,2,1
2,3,20,160,38,1,2,900,0,1,1,1,2,0,2,-2,3,1,0,1,1,2,1
2,11,103,405,103,1,2,1000,0,3,2,1,2,0,2,-2,16,1,0,1,1,2,1
2,5,16,20,18,1,2,1400,0,1,0,0,2,0,2,-2,5,1,0,1,1,2,1
2,4,17,632,16,2,2,1150,3,4,1,1,2,12,3,3,7,1,1,1,1,2,1
2,7,86,720,15,2,2,1500,1,5,2,2,2,6,3,3,6,1,0,1,1,2,1
2,16,66,721,50,1,2,800,4,2,1,1,2,36,2,-2,3,1,0,0,0,1,1
2,2,22,163,14,1,4,800,1,1,0,1,2,24,2,3,4,1,0,1,1,2,1
2,11,62,722,130,1,2,1000,4,3,2,2,2,24,2,1,3,2,0,0,0,2,1
2,6,76,531,11,2,2,620,3,3,1,1,2,10,3,3,6,1,1,1,1,2,1
2,5,6,723,36,1,2,2000,1,1,1,1,2,12,2,3,6,1,0,1,1,2,1
2,2,5,402,12,2,2,700,3,3,1,1,2,12,3,3,8,2,0,1,1,2,0
2,5,8,551,22,1,4,2000,0,1,1,1,2,0,2,-2,6,1,0,1,1,2,1
2,4,17,340,10,2,2,800,1,5,1,1,2,12,3,3,7,1,1,1,1,2,1
2,2,5,63,45,1,3,1600,0,1,1,1,1,0,2,2,11,2,0,1,1,2,1
2,2,116,601,16,2,2,720,1,4,1,1,2,12,3,3,7,1,2,1,1,2,1
2,7,47,724,53,1,2,1500,0,1,1,1,2,0,2,3,7,1,0,1,1,2,1
2,13,52,392,83,1,2,800,0,2,2,1,2,0,2,2,23,2,0,1,1,2,1
2,5,16,725,40,1,2,2100,0,1,1,1,2,0,2,3,7,1,0,1,1,2,1
2,7,86,245,21,1,2,1300,0,1,1,0,2,0,2,3,6,1,0,1,1,2,1
2,7,29,450,42,1,1,1400,1,1,1,1,2,0,2,3,7,2,0,0,1,2,1
2,9,19,27,18,2,2,1100,3,4,1,1,2,3,3,3,7,1,0,1,1,2,1
2,7,47,633,12,1,2,700,0,1,0,0,2,0,2,3,6,1,0,1,1,2,1
2,3,20,26,44,1,2,900,0,2,1,1,2,0,2,2,4,1,0,1,1,2,1
2,2,42,726,60,1,8,1500,0,1,1,1,2,0,2,3,28,2,0,1,1,2,1
2,12,81,727,45,1,6,800,0,1,1,1,2,0,2,2,22,1,0,2,2,1,1
2,14,73,557,84,1,2,800,1,2,1,1,2,36,2,1,18,1,0,0,0,2,1
2,11,72,728,64,1,2,600,0,1,1,1,2,0,2,1,16,1,0,1,1,2,1
2,5,8,407,22,1,6,1800,1,1,0,1,2,36,2,3,6,1,0,1,1,2,1
2,2,22,197,10,2,2,700,3,5,1,1,2,12,3,3,6,1,0,1,1,2,1
2,2,22,729,21,1,2,900,0,1,0,0,2,0,2,2,5,1,0,1,1,2,1
2,12,117,730,13,2,4,890,1,3,1,1,2,12,3,3,15,0,2,0,0,0,0
2,1,36,731,71,1,2,2300,0,1,1,1,2,0,2,1,34,2,0,1,1,2,1
2,8,95,732,54,1,1,1300,0,1,1,1,2,0,2,1,6,1,0,1,1,2,1
2,13,53,710,87,1,2,600,1,2,1,1,2,0,2,1,29,1,0,1,1,2,1
2,12,117,730,13,2,2,990,1,3,1,1,2,12,3,3,15,0,2,0,0,0,0
2,2,22,271,15,2,4,1175,1,3,1,1,2,12,3,3,5,1,1,1,1,2,1
2,13,52,392,12,2,2,930,1,3,1,1,2,12,3,3,8,0,0,0,0,0,0
2,7,30,273,15,2,2,1080,3,3,1,1,2,12,3,3,6,1,0,1,1,2,0
2,2,2,733,12,2,6,1290,3,3,1,1,2,12,3,3,38,2,0,1,1,2,0
2,3,20,511,72,1,2,950,0,2,1,1,2,0,2,3,6,1,0,0,1,2,1
2,9,78,734,13,2,2,1130,1,4,1,2,2,12,3,3,6,0,2,0,0,0,0
2,2,65,735,26,1,2,1300,1,1,1,1,2,36,2,3,5,1,0,1,1,2,1
2,5,56,104,20,2,2,1450,1,2,1,1,2,12,3,3,7,1,2,1,1,2,2
2,7,11,389,61,1,7,1500,0,2,1,1,2,0,2,3,7,1,0,1,1,2,1
2,2,38,176,13,2,2,900,3,3,1,1,2,12,3,3,13,2,0,1,1,2,0
2,1,69,591,92,1,2,2400,0,3,2,1,2,0,2,2,6,1,0,1,1,2,1
2,3,20,736,44,1,2,900,0,1,1,1,2,0,2,-2,6,1,0,0,0,2,1
2,10,26,144,36,1,2,1400,0,1,1,1,2,0,2,3,6,1,0,1,1,2,1
2,7,11,389,41,1,2,1400,0,1,1,1,2,0,4,3,6,1,0,1,1,2,1
2,7,35,318,15,1,4,1100,0,1,1,1,2,0,4,3,4,1,0,1,1,2,1
2,2,5,402,10,2,2,700,3,3,1,1,2,12,3,3,8,2,0,1,1,2,0
2,5,8,737,16,1,2,1000,1,1,0,0,2,12,2,3,5,1,0,1,1,2,1
2,7,29,40,35,1,1,1450,0,1,1,1,2,0,2,-2,8,1,0,1,1,2,1
2,14,73,738,78,1,2,1000,0,2,2,1,2,0,2,1,18,2,0,1,1,2,1
2,2,22,729,15,1,2,1000,0,1,0,0,2,0,2,3,5,1,0,1,1,2,1
2,7,11,375,60,1,1,1600,0,2,1,1,2,0,2,3,5,1,0,1,1,2,1
2,6,64,513,99,1,2,1000,0,2,2,1,2,0,2,2,16,1,0,1,1,2,1
2,7,10,700,58,1,2,1500,0,2,1,1,2,0,2,3,6,1,0,1,1,2,1
2,12,117,703,6,2,4,790,1,4,1,1,2,12,3,3,15,0,2,0,0,0,0
2,7,11,739,55,1,5,1600,0,1,1,1,1,0,2,3,32,2,0,1,1,2,1
2,12,117,703,13,2,2,990,1,4,1,1,2,12,3,3,15,0,2,0,0,0,0
2,4,49,740,42,1,2,1200,1,1,1,1,2,12,2,2,6,1,0,1,1,2,1
2,12,48,203,90,1,2,800,0,2,2,1,2,0,2,2,16,2,0,1,1,2,1
2,3,20,26,61,1,2,1000,0,3,1,1,2,0,2,3,4,1,0,1,1,2,1
2,12,117,703,13,2,4,930,1,3,1,1,2,12,3,3,15,0,2,0,0,0,0
2,12,117,703,6,2,4,790,1,4,1,1,2,12,3,3,15,0,2,0,0,0,0
2,12,117,703,12,2,2,1060,1,4,1,1,2,12,3,3,15,2,2,1,1,2,0
2,12,117,703,13,2,2,1030,1,3,1,1,2,12,3,3,15,0,2,0,0,0,0
2,1,1,364,60,1,3,2200,0,1,1,1,2,0,2,2,32,2,0,1,1,2,1
2,12,117,703,13,2,2,1090,1,4,1,1,2,12,3,3,15,2,2,1,1,2,0
2,3,20,741,99,1,2,800,0,2,1,1,2,0,2,2,17,2,0,1,1,2,1
2,8,15,742,12,2,2,890,1,3,1,1,2,3,3,3,4,1,0,1,1,2,1
2,3,20,743,57,1,2,800,0,2,1,1,2,0,2,-2,4,1,0,1,1,2,1
2,7,35,318,15,1,4,1000,0,1,1,0,2,0,2,2,4,2,0,1,1,2,1
2,12,81,744,89,1,2,800,1,2,1,1,2,12,2,-2,11,1,0,1,1,2,1
2,8,39,363,44,1,2,1300,0,1,1,1,2,0,4,2,8,1,0,1,1,2,1
2,13,53,226,78,1,2,900,0,2,1,1,2,0,2,3,6,1,0,0,0,2,1
2,7,21,54,14,2,2,1360,1,3,1,1,2,12,3,3,6,0,0,0,0,0,0
2,5,16,745,28,1,6,1200,0,1,0,0,2,0,2,3,6,1,0,1,1,2,1
2,4,90,746,15,2,2,1150,3,5,1,1,2,10,3,3,6,1,0,1,1,2,0
2,8,39,433,41,1,2,1200,1,1,1,1,2,12,2,3,6,1,0,1,1,2,1
2,4,25,747,20,2,2,1150,3,4,1,2,2,10,3,3,9,2,0,1,1,2,0
2,11,72,675,90,1,2,900,4,2,1,1,2,12,4,2,16,2,0,1,1,2,1
2,1,36,53,57,1,1,2000,0,1,1,1,2,0,2,3,6,2,0,1,1,1,1
2,10,44,169,40,1,2,1300,0,1,1,1,2,0,2,3,7,1,0,1,1,2,1
2,2,22,638,38,1,2,1300,0,1,1,1,2,0,2,3,6,1,0,1,1,2,1
2,8,57,748,67,1,2,1400,0,2,1,1,2,0,2,3,6,1,0,1,1,2,1
2,14,82,455,9,2,4,990,1,3,1,1,2,12,3,3,18,2,1,1,1,2,1
2,3,20,749,66,1,2,900,0,2,1,1,2,0,2,3,5,1,0,1,1,2,1
2,10,93,750,12,2,4,1050,1,3,1,1,2,36,3,3,6,1,0,1,1,2,1
2,7,10,751,25,1,1,1500,0,1,1,1,2,0,2,3,5,1,0,1,1,2,1
2,10,93,750,13,2,2,1100,1,3,1,1,2,36,3,3,6,1,0,1,1,2,1
2,5,6,752,16,1,6,1200,1,1,0,0,2,12,2,1,1,1,0,0,0,0,0
2,10,93,750,15,2,2,1150,1,3,1,1,2,36,3,3,6,1,0,1,1,2,1
2,8,80,457,90,1,2,1500,0,2,1,1,2,0,2,3,34,2,0,1,1,2,1
2,5,6,753,15,2,2,1000,3,4,1,1,2,10,3,3,6,1,1,1,1,2,1
2,1,69,754,65,1,2,2300,1,1,1,1,2,12,2,3,18,2,0,1,1,2,1
2,6,7,655,15,2,2,650,3,4,1,1,2,1,3,3,6,1,1,1,1,2,1
2,9,105,454,12,2,2,700,3,3,1,1,2,12,3,3,7,1,0,1,1,2,0
2,17,84,755,63,1,2,900,0,2,1,1,2,0,2,2,5,1,0,0,0,2,1
2,10,46,756,18,2,2,850,1,4,1,1,2,6,3,3,6,1,0,1,1,2,0
2,5,56,757,51,1,6,1900,0,1,1,1,2,0,2,3,7,1,0,1,1,2,1
2,4,17,758,20,2,2,1000,1,4,1,1,2,12,3,3,6,1,0,1,1,2,0
2,5,6,759,30,1,1,1500,0,1,1,1,2,0,2,1,2,1,0,0,0,1,2
2,4,25,200,23,2,2,980,3,3,1,1,2,12,3,3,6,1,0,1,1,2,0
2,3,20,696,76,1,2,800,0,2,1,1,2,0,2,3,5,1,0,1,1,2,1
2,8,57,760,67,1,2,1500,0,2,1,1,2,0,2,3,7,1,0,1,1,2,1
2,11,72,466,107,1,2,550,0,2,2,1,2,0,2,-2,12,2,0,1,1,2,1
2,1,1,384,72,1,2,2200,1,1,1,1,2,24,2,1,30,2,0,1,1,2,1
2,4,25,761,22,1,2,900,0,1,0,0,2,0,2,2,4,1,0,0,0,2,1
2,6,7,762,15,2,4,800,1,4,1,1,2,12,3,3,24,1,0,1,1,2,0
2,11,88,646,121,1,2,800,0,2,2,2,2,0,2,2,8,1,0,1,1,2,1
2,5,6,763,34,1,2,2000,4,1,0,1,2,24,2,1,6,1,0,0,0,1,2
2,5,40,186,42,1,2,1500,0,1,1,1,2,0,2,3,6,1,0,1,1,2,1
2,3,109,445,51,1,2,300,0,1,1,1,2,0,2,3,32,1,0,0,0,0,0
2,3,20,160,37,1,2,950,0,2,1,1,2,0,4,3,3,1,0,1,1,2,1
2,14,73,557,64,1,2,550,0,1,1,1,2,0,2,2,23,1,0,0,0,2,1
2,12,48,203,134,1,2,1100,1,3,2,2,2,12,2,1,14,2,0,1,1,2,1
2,10,24,764,9,2,3,1060,1,4,1,2,2,12,3,3,7,2,0,1,1,2,0
2,4,114,765,29,1,2,1200,0,1,1,1,2,0,2,3,5,1,0,0,0,2,1
2,10,24,764,8,2,2,1160,1,4,1,2,2,12,3,3,6,0,0,0,0,0,0
2,3,20,766,71,1,2,700,0,2,1,1,2,0,2,3,4,1,0,1,1,2,1
2,5,8,588,52,1,2,2400,0,1,1,1,2,0,2,3,20,2,0,1,1,2,1
2,7,11,739,55,1,7,1800,0,1,1,1,2,0,2,3,26,2,0,1,1,2,1
2,2,22,653,18,2,2,1255,1,3,1,1,2,6,3,3,6,1,0,1,1,2,0
2,4,67,767,10,2,4,990,1,3,1,1,2,12,3,3,5,0,0,0,0,0,0
2,6,76,531,10,2,2,650,3,5,1,1,2,7,3,3,6,1,1,1,1,2,1
2,4,17,768,19,2,2,999,3,4,1,2,2,12,3,3,6,1,0,1,1,2,0
2,7,10,107,33,1,7,1500,0,1,1,1,2,0,2,3,7,1,0,1,1,2,1
2,7,30,769,30,1,3,1400,0,1,1,1,2,0,2,3,6,1,0,1,1,2,1
2,7,35,770,38,1,2,1400,0,1,1,1,2,0,2,3,8,1,0,1,1,2,1
2,1,1,463,70,1,2,2200,0,1,1,1,2,0,2,3,6,1,0,1,1,2,1
2,7,30,769,10,2,1,900,1,4,1,1,2,12,3,3,7,1,2,1,1,2,1
2,4,9,771,14,2,1,1230,1,2,1,1,2,12,3,3,6,0,0,0,0,0,0
2,9,19,772,15,2,2,800,3,3,1,1,2,12,3,3,9,2,0,1,1,2,1
2,11,28,773,92,1,2,1000,0,2,1,1,2,0,2,3,5,1,0,0,0,2,1
2,12,81,669,43,1,2,800,0,1,0,1,2,0,2,3,4,1,0,1,1,1,1
2,7,13,774,34,1,2,1300,0,1,1,1,2,0,2,2,6,1,0,0,0,2,1
2,8,60,248,100,1,2,1400,0,2,1,1,2,0,2,1,33,2,0,1,1,2,1
2,4,25,775,15,2,2,890,1,4,1,1,2,12,3,3,6,1,1,0,0,2,1
2,3,118,656,12,2,4,650,3,5,0,2,2,12,3,3,18,1,1,0,0,2,1
2,4,90,746,17,2,2,1100,3,3,1,2,2,10,3,3,6,1,1,1,1,2,1
2,11,94,776,121,1,2,500,0,3,2,1,2,0,2,-2,5,1,0,1,1,2,2
2,3,20,678,47,1,2,1000,0,2,1,1,2,0,2,3,2,1,0,0,0,2,1
2,11,62,777,97,1,2,900,0,3,1,1,2,0,2,1,5,1,0,1,1,1,1
2,1,69,591,78,1,2,2200,1,2,1,1,2,12,2,2,6,1,0,1,1,2,1
2,5,40,60,60,1,3,2100,3,1,1,1,2,36,3,3,50,2,0,1,1,2,0
2,2,42,332,15,2,2,700,3,3,1,1,2,12,3,3,6,1,0,1,1,2,1
2,10,26,118,20,2,2,900,3,3,1,1,2,12,3,3,6,1,0,1,1,2,1
2,8,60,778,93,1,2,1300,0,3,1,1,2,0,2,2,10,2,0,1,1,2,1
2,8,39,779,84,1,2,1500,0,2,1,1,2,0,2,-2,7,1,0,1,1,2,1
2,17,84,780,78,1,2,1200,0,2,1,1,2,0,2,3,6,1,0,0,0,2,1
2,4,114,610,23,1,2,1200,0,1,1,1,2,0,2,3,7,1,0,1,1,2,1
2,2,38,781,15,2,2,700,3,4,1,1,2,12,2,3,6,1,0,1,1,2,0
2,9,19,116,20,2,7,850,3,3,1,1,2,12,3,3,20,1,1,1,1,2,1
2,11,94,782,87,1,2,600,0,2,1,1,2,0,2,2,18,2,0,1,1,2,1
2,3,20,766,59,1,2,400,0,2,1,1,2,0,2,3,4,1,0,1,1,2,1
2,2,42,783,39,1,8,1600,0,1,1,1,2,0,2,2,6,1,0,1,1,2,1
2,11,28,36,88,1,2,750,0,2,2,1,2,0,2,1,24,2,0,1,1,2,1
2,4,4,4,16,2,2,900,3,3,1,1,2,10,3,3,6,1,1,1,1,2,1
2,7,86,245,26,1,2,1100,0,1,0,0,2,0,4,1,6,1,0,1,1,2,1
2,4,4,330,15,2,2,1000,3,3,1,1,2,12,3,3,6,1,0,1,1,2,0
2,1,69,692,20,1,2,2000,0,1,0,0,2,0,2,1,25,2,0,1,1,2,1
2,10,111,784,41,1,2,1200,1,1,1,1,2,12,2,3,6,1,0,1,1,2,1
2,8,98,785,88,1,2,1000,0,2,1,1,2,0,2,1,18,2,0,1,1,2,1
2,13,119,689,138,1,2,600,0,3,2,2,2,0,2,1,7,1,0,1,1,2,1
2,5,40,786,24,1,8,2000,0,1,1,1,2,0,2,3,6,1,0,1,1,2,1
2,1,1,787,18,2,2,800,1,4,1,2,2,12,3,3,9,2,1,1,1,2,1
2,1,1,364,65,1,2,2200,1,1,1,1,2,12,2,3,32,2,0,1,1,2,1
2,7,30,473,19,2,4,1180,3,2,1,1,2,12,3,3,19,2,0,1,1,1,0
2,15,53,319,125,1,2,1000,0,3,2,2,2,12,2,3,3,1,0,0,0,2,1
2,6,7,788,15,2,2,1000,3,4,1,1,2,1,3,3,10,1,1,1,1,2,1
2,11,103,686,70,1,7,800,0,2,1,1,2,0,2,2,15,2,0,1,1,2,1
2,2,22,546,16,1,2,850,0,1,0,0,2,0,2,3,3,1,0,1,1,2,1
2,7,47,443,41,1,2,1500,0,1,1,1,2,0,2,1,6,1,0,1,1,2,1
2,3,20,789,50,1,2,1000,0,1,2,1,2,0,2,-2,4,1,0,1,1,2,1
2,11,88,358,96,1,2,1000,0,2,1,1,2,0,2,1,7,2,0,1,1,2,1
2,5,8,790,21,2,2,1960,3,5,1,2,2,12,3,3,32,2,0,1,1,2,0
2,3,20,791,45,1,2,900,0,2,1,1,2,0,2,3,4,1,0,1,1,2,1
2,4,23,792,15,2,2,1000,3,3,1,1,2,12,3,3,7,1,0,1,1,2,1
2,13,119,689,130,1,2,700,0,3,2,2,2,0,2,2,7,1,0,1,1,2,1
2,9,19,27,16,2,2,1050,3,2,1,1,2,10,3,3,6,1,1,1,1,2,1
2,3,20,140,86,1,2,800,0,2,1,1,2,0,2,3,17,1,0,0,0,2,1
2,6,18,793,8,2,1,930,1,3,1,1,2,12,3,3,6,0,0,0,0,0,0
2,7,47,295,15,1,1,1000,0,1,0,0,2,0,2,1,5,1,0,1,1,2,1
2,2,2,733,22,2,2,1200,3,4,1,1,2,12,3,3,32,2,1,1,1,2,1
2,18,121,794,138,1,2,500,0,3,2,2,2,0,2,2,18,2,0,1,1,2,1
2,14,73,596,8,2,4,930,1,4,1,2,2,12,3,3,22,2,0,1,1,2,0
2,6,7,655,16,2,2,1000,3,4,1,1,2,1,3,3,6,1,0,1,1,2,0
2,1,36,795,63,1,2,2400,0,1,1,1,2,0,2,1,33,2,0,1,1,2,1
2,2,42,695,12,2,2,900,3,5,2,1,2,12,3,3,7,1,0,1,1,2,0
2,11,94,796,106,1,2,1000,0,3,2,1,2,0,2,3,7,1,0,1,1,2,1
2,5,8,10,17,2,2,1150,1,4,1,1,2,12,3,3,6,1,1,1,1,2,1
2,5,8,797,20,1,4,1100,0,1,0,1,2,0,2,1,5,1,0,1,1,2,1
2,6,7,788,17,2,2,1050,3,4,1,1,2,1,3,3,10,1,2,1,1,0,1
2,7,10,368,23,1,6,1450,0,1,0,1,2,0,2,3,6,1,0,1,1,2,1
2,3,20,276,42,1,2,1000,0,1,1,1,2,0,2,2,6,1,0,1,1,2,1
2,8,95,320,38,1,1,1400,0,1,1,1,2,0,2,2,6,1,0,1,1,2,1
2,7,13,395,41,1,4,1500,0,1,1,1,2,0,2,3,6,1,0,1,1,2,1
2,5,40,798,16,1,2,1100,0,1,0,0,2,0,2,3,4,1,0,1,1,2,1
2,7,21,54,11,2,4,1390,1,2,1,1,2,12,3,3,6,1,0,1,1,2,1
2,7,11,799,38,1,5,1400,0,1,1,1,2,0,2,3,6,1,0,1,1,2,1
2,12,81,800,91,1,2,900,1,2,1,1,2,12,2,1,11,1,0,0,1,2,1
2,7,35,50,38,1,1,1500,0,1,1,1,2,0,2,3,8,1,0,1,1,2,1
2,3,20,696,51,1,2,750,0,2,0,1,2,12,2,-2,3,1,0,1,1,2,1
2,8,98,801,107,1,2,800,1,3,2,2,2,12,2,3,29,2,0,1,1,2,1
2,5,8,802,33,1,2,1900,0,1,0,1,2,0,2,3,6,1,0,1,1,2,1
2,11,88,803,120,1,2,500,0,3,1,1,2,0,2,1,8,1,0,0,0,2,1
2,4,17,340,10,2,2,750,1,4,1,1,2,12,3,3,7,1,0,1,1,2,1
2,11,72,804,86,1,2,1000,0,2,1,1,2,0,2,2,16,2,0,1,1,2,1
2,2,5,402,12,2,2,700,3,3,1,1,2,12,3,3,8,2,0,1,1,2,1
2,5,16,805,22,1,3,1700,0,1,1,1,2,0,2,3,5,1,0,1,1,2,1
2,17,84,284,82,1,2,1300,0,2,2,1,2,0,2,3,17,2,0,1,1,2,1
2,2,65,397,24,1,2,1300,1,1,1,1,2,12,2,3,6,1,0,1,1,2,1
2,4,4,4,12,2,2,950,3,5,1,1,2,12,3,3,6,1,1,1,1,2,1
2,4,25,498,15,2,4,1080,1,3,1,1,2,12,3,3,7,1,0,1,1,2,0
2,10,93,416,15,2,2,900,1,4,1,1,2,12,3,3,7,1,0,1,1,2,0
2,4,25,33,10,2,2,650,3,5,1,1,2,11,3,3,5,1,1,1,1,2,1
2,6,7,113,15,2,2,900,3,2,1,1,2,10,3,3,6,1,0,1,1,2,0
2,10,93,806,44,1,2,1400,0,1,1,1,2,0,2,3,6,1,0,1,1,2,1
2,5,56,278,34,1,4,2000,0,1,1,1,2,0,2,1,6,1,0,1,1,2,1
2,11,88,358,90,1,2,700,0,2,1,1,2,0,2,3,18,2,0,1,1,2,1
2,6,7,106,16,2,2,900,3,4,1,1,2,1,3,3,6,1,1,1,1,2,1
2,6,7,807,13,2,2,750,1,3,1,1,2,12,3,3,6,1,0,1,1,2,0
2,5,8,808,33,1,2,2000,5,1,1,1,2,0,2,3,6,1,0,1,1,2,1
2,14,73,688,72,1,2,800,0,2,1,1,2,0,2,1,26,1,0,0,0,2,1
2,3,109,445,50,1,2,800,0,1,1,1,2,0,2,3,26,1,0,1,1,2,1
2,2,2,2,20,2,2,1300,3,4,1,1,2,12,3,3,27,2,0,1,1,2,1
2,2,27,51,14,2,2,950,3,4,1,1,2,6,3,3,6,1,1,1,1,2,1
2,1,1,809,67,1,2,2200,0,2,1,1,2,0,2,3,17,2,0,2,2,2,1
2,19,122,810,105,1,2,2000,1,3,2,1,2,12,2,1,18,1,0,1,1,2,1
2,15,53,811,133,1,2,1200,1,2,2,1,2,12,2,3,4,1,0,1,1,2,1
2,7,30,640,16,2,4,1080,1,3,1,1,2,12,3,3,32,2,0,1,1,2,0
2,9,105,812,18,2,2,1100,3,4,1,1,2,12,3,3,6,1,1,1,1,2,1
2,6,64,185,101,1,2,1000,0,3,2,2,2,0,2,1,8,2,0,1,1,2,1
2,11,103,813,137,1,2,800,0,2,2,1,2,0,2,1,7,1,0,1,1,2,1
2,17,84,814,90,1,2,1200,0,2,1,1,2,0,2,-2,11,2,0,1,1,2,1
2,8,33,815,12,2,2,1060,1,5,2,2,2,3,3,3,17,2,0,1,1,2,1
2,6,7,106,17,2,2,950,3,4,1,1,2,1,3,3,6,1,1,1,1,2,1
2,3,109,539,59,1,2,1000,0,1,1,1,2,0,2,2,17,1,0,0,0,2,1
2,7,11,391,39,1,5,1500,0,1,1,1,2,0,2,3,7,1,0,1,1,2,1
2,12,48,203,96,1,2,1000,1,2,1,1,2,12,2,-2,16,2,0,1,1,2,1
2,2,5,402,12,2,2,700,3,3,1,1,2,12,3,3,8,2,0,1,1,2,0
2,8,57,816,12,2,2,1190,1,3,1,1,2,3,3,3,33,2,0,1,1,2,1
2,16,66,817,199,1,2,750,2,5,1,1,2,36,2,-2,1,1,0,0,0,0,0
2,12,48,203,76,1,2,900,0,2,1,1,2,0,2,2,13,1,0,0,0,0,0
2,3,20,687,73,1,2,1000,0,2,1,1,2,0,2,3,4,1,0,1,1,2,1
2,3,20,818,58,1,2,600,0,2,1,1,2,0,2,2,4,1,0,1,1,2,1
2,3,20,819,121,1,2,900,0,3,2,1,2,0,2,1,11,1,0,1,1,2,1
2,10,46,756,44,1,2,1300,1,1,1,1,1,24,2,3,6,1,0,1,1,2,1
2,3,20,698,62,1,2,600,0,2,1,1,2,0,2,3,4,1,0,1,1,2,1
2,1,36,53,59,1,1,2300,1,1,1,1,2,36,2,3,6,2,0,1,1,1,1
2,5,56,820,22,2,2,1463,3,3,1,1,2,12,3,3,30,2,2,1,1,2,1
2,6,76,531,18,2,8,650,3,3,1,1,2,12,3,3,6,1,0,1,1,2,0
2,5,6,821,15,2,2,1000,3,4,1,1,2,10,3,3,1,1,1,1,1,2,1
2,3,20,482,58,1,2,1000,0,2,1,1,0,0,0,3,4,1,0,0,0,2,1
2,3,20,822,38,1,2,1000,0,1,1,1,2,0,2,3,4,1,0,1,1,2,1
2,8,60,823,45,1,2,1300,0,1,1,1,2,0,2,2,7,1,0,1,1,2,1
2,8,33,586,42,1,2,1300,0,1,1,1,2,0,2,2,6,1,0,1,1,2,1
2,2,38,198,8,2,2,601,3,4,1,1,2,12,3,3,6,1,1,1,1,2,1
2,4,17,172,15,2,2,1000,1,5,1,1,2,12,3,3,20,2,0,1,1,2,0
2,7,86,294,10,2,7,1260,1,4,1,2,2,12,3,3,6,0,0,0,0,0,0
2,5,56,104,14,1,1,2000,0,1,0,0,2,0,2,1,8,1,0,1,1,2,1
2,8,57,824,56,1,2,1400,0,2,1,1,2,0,2,3,5,1,0,1,1,2,1
2,7,35,825,35,1,2,1400,0,1,1,1,2,0,2,3,7,1,0,1,1,2,1
2,16,66,826,56,1,2,900,0,2,1,1,2,0,2,1,3,1,0,1,1,2,1
2,5,6,827,15,2,2,1630,1,4,1,2,2,12,3,3,33,0,2,0,0,0,0
2,13,52,392,8,2,4,690,1,4,1,1,2,12,3,3,6,1,0,0,0,2,1
2,6,63,492,6,2,4,790,1,4,1,1,2,6,3,3,18,2,0,1,1,2,1
2,3,109,445,114,1,2,1000,0,3,1,1,2,0,2,1,32,2,0,1,1,2,1
2,8,39,828,59,1,1,1500,0,2,1,1,2,0,2,3,6,1,0,1,1,2,1
2,11,88,829,115,1,2,1000,0,3,2,1,2,0,2,2,5,1,0,0,0,2,1
2,7,13,309,38,1,4,1500,0,1,1,1,2,0,2,3,7,1,0,1,1,2,1
2,2,2,733,15,2,2,1100,3,3,1,1,2,12,3,3,32,2,2,1,1,2,1
2,7,10,830,14,2,2,1100,1,2,1,1,2,12,3,3,6,1,1,1,1,2,1
2,8,57,748,49,1,2,1500,0,1,1,1,2,0,2,2,6,1,0,1,1,2,1
2,7,86,377,48,1,2,1500,1,1,0,1,2,12,2,2,30,2,0,1,1,2,1
2,11,94,831,87,1,2,600,0,2,1,1,2,0,2,3,18,2,0,1,1,2,1
2,3,20,56,60,1,2,900,0,2,1,1,2,0,2,3,6,1,0,1,1,2,1
2,2,27,832,27,1,3,1600,0,1,1,1,2,0,2,2,7,1,0,1,1,2,1
2,2,27,832,35,1,1,1500,0,1,1,1,2,0,2,3,7,1,0,1,1,2,1
2,14,58,238,111,1,2,1000,0,3,1,1,2,0,2,2,28,1,0,1,1,2,1
2,2,65,292,22,2,2,1000,3,3,1,1,2,12,3,3,5,1,1,1,1,2,1
2,9,19,27,15,2,2,1100,3,3,1,1,2,3,3,3,7,1,2,1,1,2,1
2,17,84,833,15,2,2,1100,3,4,1,1,2,10,3,3,13,1,1,1,1,2,1
2,13,53,834,88,1,2,1000,0,2,1,1,2,0,2,3,6,1,0,1,1,2,1
2,14,58,835,113,1,2,1000,1,3,2,2,2,12,2,2,7,1,0,0,0,2,1
2,7,47,270,37,1,1,1600,0,1,1,1,2,0,2,1,6,1,0,1,1,2,1
2,1,1,836,80,1,2,2400,0,1,1,1,2,0,2,3,28,2,0,1,1,2,1
2,4,4,59,15,2,2,1100,3,5,1,1,2,12,3,3,6,1,0,1,1,2,0
2,2,42,837,15,2,2,700,3,4,1,1,2,12,3,3,6,1,1,1,1,2,1
2,4,4,4,15,2,2,1000,3,5,1,1,2,12,3,3,6,1,1,1,1,2,1
2,8,95,838,38,1,2,1500,0,1,1,1,2,0,2,1,6,1,0,0,0,2,1
2,14,73,688,72,1,2,1000,0,2,1,1,2,0,2,2,26,1,0,0,0,2,1
2,8,39,537,42,1,2,1400,0,1,1,1,2,0,2,3,4,1,0,1,1,2,1
2,2,22,533,13,2,3,1200,1,1,0,1,2,36,2,1,7,1,0,1,1,2,1
2,2,38,176,13,2,2,900,3,3,1,1,2,12,3,3,12,2,2,1,1,2,1
2,5,8,10,26,2,2,1550,1,4,1,1,2,12,3,3,6,1,1,1,1,2,1
2,4,17,172,15,2,2,1200,3,4,1,1,2,1,3,3,20,2,0,1,1,2,0
2,7,13,311,10,1,2,850,0,1,0,0,2,0,2,2,5,1,0,1,1,2,1
2,8,98,785,129,1,2,1500,0,3,2,2,2,0,2,2,18,2,0,1,1,2,1
2,5,16,388,18,1,1,2000,0,1,0,0,2,0,2,-2,5,1,0,1,1,2,1
2,3,20,140,99,1,2,500,0,3,1,1,2,0,2,3,17,1,0,1,1,2,1
2,4,55,103,15,2,2,1100,3,2,1,1,2,10,3,3,6,1,1,1,1,2,1
2,4,4,4,14,2,2,1000,3,5,1,1,2,12,3,3,6,1,2,1,1,2,1
2,7,35,839,35,1,4,1500,0,1,1,1,2,0,2,2,6,1,0,1,1,2,1
2,11,103,840,107,1,2,500,1,3,2,1,2,36,2,3,11,1,0,0,0,0,0
2,13,53,841,129,1,2,1000,4,3,1,2,2,24,2,1,32,1,0,1,1,2,1
2,3,20,140,99,1,2,500,0,3,1,1,0,0,0,2,17,1,0,0,0,2,1
2,2,22,197,15,2,2,900,3,4,1,1,2,10,3,3,6,1,1,1,1,2,1
2,8,39,842,33,1,1,1300,0,1,1,1,2,0,2,2,6,1,0,1,1,2,1
2,9,105,403,12,2,6,601,3,4,1,1,2,12,3,3,6,1,0,1,1,2,0
2,7,11,799,15,1,2,1200,0,1,0,0,2,0,2,2,5,1,0,1,1,2,1
2,3,20,660,65,1,2,1000,0,2,1,1,2,0,2,3,5,1,0,1,1,2,1
2,16,66,843,110,1,2,800,4,3,2,1,2,12,2,3,6,1,0,1,1,2,1
2,13,11,844,39,1,2,1000,0,1,1,1,2,0,2,2,24,1,0,0,0,2,1
2,8,39,433,60,1,1,1500,0,2,1,1,2,0,2,2,6,1,0,1,1,2,1
2,2,32,401,15,2,2,900,3,3,1,1,2,12,3,3,7,1,0,1,1,2,1
2,1,69,754,64,1,2,2400,1,1,1,1,2,12,2,2,18,2,0,1,1,2,1
2,2,5,77,23,2,2,1280,3,3,1,1,2,24,3,3,6,1,0,1,1,2,0
2,3,20,698,73,1,2,600,0,2,1,1,2,0,2,2,5,1,0,1,1,2,1
2,4,70,845,20,2,2,900,3,5,1,1,2,12,3,3,6,1,1,1,1,2,1
2,7,30,235,44,1,2,1700,0,1,1,1,2,0,2,1,6,1,0,1,1,2,1
2,12,48,203,95,1,6,800,0,2,2,1,2,0,2,2,16,1,0,1,1,2,1
2,7,13,311,22,1,1,1200,0,1,0,0,2,0,2,2,5,1,0,1,1,2,1
2,1,69,591,60,1,2,2300,0,1,1,1,2,0,2,2,6,1,0,1,1,2,1
2,3,20,766,62,1,2,500,0,2,1,1,2,0,2,2,4,1,0,1,1,2,1
2,4,70,845,15,2,4,730,1,4,1,1,2,12,3,3,20,1,1,1,1,2,1
2,13,53,168,148,1,2,1000,1,4,2,2,2,12,2,3,16,2,0,1,1,2,1
2,7,96,322,15,2,3,1390,1,3,1,1,2,12,3,3,18,0,0,0,0,0,0
2,13,52,412,89,1,2,850,0,2,1,1,2,0,2,3,32,2,0,1,1,2,1
2,2,5,402,11,2,2,700,3,3,1,1,2,12,2,3,8,2,0,1,1,2,0
2,8,80,677,85,1,2,800,0,2,1,1,2,0,2,3,34,2,0,1,1,2,1
2,2,42,726,12,2,2,1300,3,4,1,1,2,12,3,3,28,2,2,1,1,2,1
2,11,94,846,77,1,2,900,0,2,1,1,2,0,2,3,23,2,0,1,1,2,1
2,2,22,258,15,2,2,1250,1,2,1,1,2,12,3,3,7,1,0,1,1,2,1
2,17,84,847,87,1,2,1400,0,2,1,1,2,0,2,3,6,1,0,1,1,2,1
2,2,22,848,12,2,3,1165,1,4,1,1,2,6,3,3,6,1,0,1,1,2,1
